query	target	fident	alnlen	mismatch	gapopen	qstart	qend	tstart	tend	evalue	bits
aac(3)-I	AAC(3)-Ib/AAC(6')-Ib''	0.751	152	38	0	1	152	1	152	3.5710000000000003e-72	234
aac(3)-I	AAC(3)-Ib	0.753	154	38	0	1	154	23	176	1.521e-73	238
aac(3)-I	AAC(3)-Ia	0.906	154	14	0	1	154	1	154	7.125999999999999e-93	293
aac(3)-If	AAC(3)-Ib/AAC(6')-Ib''	0.849	152	23	0	1	152	1	152	1.641e-84	269
aac(3)-If	AAC(3)-Ia	0.744	154	39	0	1	154	1	154	2.605e-72	234
aac(3)-If	AAC(3)-Ib	0.852	154	23	0	1	154	23	176	5.096e-86	274
aac(3)-Ig	AAC(3)-Ib	0.583	144	59	0	7	150	30	171	5.624e-48	164
aac(3)-Ig	AAC(3)-Ib/AAC(6')-Ib''	0.56	152	66	0	7	158	8	159	2.993e-48	165
aac(3)-Ig	AAC(3)-Id	0.643	152	54	0	1	152	1	152	1.159e-58	195
aac(3)-Ih	AAC(3)-Ic	0.612	140	54	0	8	147	11	150	7.15e-50	169
aac(3)-Ih	AAC(3)-Ib	0.612	140	54	0	8	147	31	170	7.15e-50	169
aac(3)-Ih	AAC(3)-Ib/AAC(6')-Ib''	0.612	140	54	0	8	147	9	148	7.15e-50	169
aac(3)-Ii	AAC(3)-Ib	0.588	144	59	0	5	148	30	173	8.923e-49	166
aac(3)-Ii	AAC(3)-Ib/AAC(6')-Ib''	0.586	143	59	0	5	147	8	150	4.321e-48	164
aac(3)-Ii	AAC(3)-Ic	0.571	147	63	0	3	149	8	154	8.122e-48	164
aac(3)-IIa	AAC(3)-IIe	0.967	286	9	0	1	286	1	286	5.67e-191	584
aac(3)-IIa	AAC(3)-IId	0.95	286	14	0	1	286	1	286	3.8609999999999997e-187	573
aac(3)-IIa	AAC(3)-IIc	0.94	286	17	0	1	286	1	286	1.124e-184	566
aac(3)-IIIb	AAC(3)-IIIc	0.89	244	27	0	1	244	35	278	9.14e-147	454
aac(3)-IIIb	AAC(3)-IIIb	0.928	245	18	0	1	245	28	272	4.06e-155	478
aac(3)-IIIb	AAC(3)-IIIa	0.478	241	123	0	1	241	29	265	3.3370000000000004e-63	213
aac(3)-IVa	AAC(3)-Xa	0.289	159	98	0	1	139	34	192	1.339e-14	70
aac(3)-IVa	AAC(3)-IVb	0.783	222	48	0	1	222	16	237	3.001e-113	357
aac(3)-IVa	AAC(3)-IV	0.984	222	4	0	1	222	25	246	6.102e-150	463
aac(3)-VIII	AAC(3)-Xa	0.704	275	81	0	1	275	6	280	7.332e-124	390
aac(3)-VIII	AAC(3)-VIIIa	0.948	282	15	0	1	282	6	286	6.175e-184	563
aac(3)-VIII	AAC(3)-VIIa	0.736	276	73	0	1	276	6	281	1.606e-131	412
aac(3)-XI	AAC(6')-Iw	0.294	77	48	0	43	111	35	111	0.0002344	37
aac(3)-XI	sta	0.395	54	32	0	78	131	107	160	2.809e-05	40
aac(3)-XI	AAC(6')-Ic	0.243	120	86	0	34	148	26	145	1.128e-05	41
aac(6')-Ib	AAC(6')-Ib10	0.984	190	3	0	9	198	11	200	1.14e-127	396
aac(6')-Ib	AAC(6')-Ib7	0.984	190	3	0	9	198	69	258	1.14e-127	396
aac(6')-Ib	AAC(6')-Ib9	0.978	190	4	0	9	198	11	200	7.568e-127	394
aac(6')-Ib3	AAC(6')-Ib7	0.988	175	2	0	1	175	87	261	4.553e-118	367
aac(6')-Ib3	AAC(6')-Ib10	0.988	175	2	0	1	175	29	203	4.553e-118	367
aac(6')-Ib3	AAC(6')-Ib3	0.988	175	2	0	1	175	10	184	4.553e-118	367
aadA11	aadA8b	0.894	263	28	0	1	263	1	263	1.524e-159	492
aadA11	aadA8	0.89	263	29	0	1	263	1	263	1.3839999999999999e-158	489
aadA11	aadA25	0.889	263	29	0	1	263	1	263	1.897e-158	489
aadA1b	ANT(3'')-IIa	0.947	263	14	0	1	263	61	323	4.815e-171	525
aadA1b	aadA24	0.941	256	15	0	8	263	4	259	6.976e-165	507
aadA1b	aadA	0.947	263	14	0	1	263	1	263	4.815e-171	525
aadA23	aadA21	0.953	240	11	0	1	240	24	263	7.294e-157	483
aadA23	aadA22	0.956	240	11	0	1	240	24	263	2.066e-157	484
aadA23	aadA23	0.957	240	10	0	1	240	20	259	1.508e-157	485
aadA24	aadA8	0.9	249	25	0	3	251	15	263	7.585e-152	469
aadA24	aadA23	0.903	249	24	0	3	251	11	259	1.568e-152	471
aadA24	aadA24	0.905	249	24	0	3	251	11	259	6.09e-153	472
aadA2b	aadA8	0.922	240	19	0	1	240	24	263	1.06e-150	465
aadA2b	aadA3	0.945	240	13	0	1	240	24	263	3.208e-155	478
aadA2b	aadA2	0.958	240	10	0	1	240	20	259	8.024e-158	486
aadA8	aadA3	0.921	263	21	0	1	263	1	263	2.7100000000000003e-165	509
aadA8	aadA8	0.938	263	16	0	1	263	1	263	3.975e-169	520
aadA8	aadA8b	0.935	263	17	0	1	263	1	263	2.635e-168	517
aadE-Cc	ANT(6)-Ia	0.314	279	178	0	14	292	14	273	2.326e-36	137
aadE-Cc	ANT(6)-Ib	0.317	278	176	0	15	292	17	275	6.771e-37	139
aadE-Cc	aadK	0.308	292	190	0	1	292	1	275	4.9729999999999996e-37	139
ampS	OXA-724	0.949	264	13	0	1	264	1	264	4.052e-172	528
ampS	OXA-12	0.945	264	14	0	1	264	1	264	2.687e-171	526
ampS	OXA-427	0.819	264	48	0	1	264	1	264	6.43e-144	447
aph(2'')-Ia	AAC(6')-Ie-APH(2'')-Ia	0.984	478	8	0	1	478	1	478	0.0	994
aph(2'')-Ia	APH(2'')-If	0.794	286	59	0	199	484	12	296	1.681e-146	467
aph(2'')-Ia	AAC(6')-Im	0.7	174	52	0	5	178	4	177	5.388e-71	246
aph(2'')-Ih	AAC(6')-Ie-APH(2'')-Ia	0.792	281	58	0	12	292	199	479	8.046e-147	457
aph(2'')-Ih	APH(2'')-If	0.89	297	33	0	1	297	1	297	8.472000000000001e-180	552
aph(2'')-Ih	APH(2'')-Ig	0.259	278	205	0	9	285	19	296	3.714e-24	101
aph(3')-Id	APH(3')-Ia	0.637	271	98	0	1	271	1	271	2.97e-107	342
aph(3')-Id	APH(3')-IIc	0.407	240	141	0	32	271	30	267	1.266e-48	172
aph(3')-Id	APH(3')-Ib	0.626	271	101	0	1	271	1	271	1.176e-104	334
aph(3')-IIc	APH(6)-Ic	0.472	265	138	0	6	267	1	265	9.128000000000001e-69	230
aph(3')-IIc	APH(6)-Ib	0.258	262	187	0	3	255	37	298	3.5139999999999995e-22	94
aph(3')-IIc	APH(6)-Ia	0.274	266	190	0	6	268	40	305	3.7000000000000004e-26	106
aph(3')-VI	APH(3')-VIb	0.893	259	28	0	1	259	1	259	6.915e-157	484
aph(3')-VI	APH(3')-VI	0.934	259	17	0	1	259	1	259	1.6380000000000001e-165	509
aph(3')-VI	APH(3')-VIa	0.938	259	16	0	1	259	1	259	2.471e-166	511
ARR-6	arr-4	0.836	150	24	0	1	150	1	150	1.028e-81	261
ARR-6	arr-2	0.856	150	21	0	1	150	1	150	3.501e-84	268
ARR-6	arr-3	0.859	150	21	0	1	150	1	150	1.3580000000000001e-84	269
blaACC-1a	ACC-5	0.956	386	17	0	5	390	1	386	4.673e-256	778
blaACC-1a	ACC-1	0.956	386	17	0	5	390	1	386	6.404000000000001e-256	777
blaACC-1a	ACC-4	0.953	386	18	0	5	390	1	386	5.811e-255	775
blaACC-1b	ACC-4	0.951	386	19	0	5	390	1	386	1.495e-254	773
blaACC-1b	ACC-1	0.955	386	17	0	5	390	1	386	1.6479999999999999e-255	776
blaACC-1b	ACC-5	0.955	386	17	0	5	390	1	386	1.203e-255	777
blaACC-1c	ACC-4	0.951	386	19	0	5	390	1	386	2.808e-254	773
blaACC-1c	ACC-1	0.954	386	18	0	5	390	1	386	3.0949999999999996e-255	775
blaACC-1c	ACC-5	0.954	386	18	0	5	390	1	386	2.2579999999999998e-255	776
blaACC-1d	ACC-4	0.948	386	20	0	5	390	1	386	1.86e-253	770
blaACC-1d	ACC-1	0.951	386	19	0	5	390	1	386	2.049e-254	773
blaACC-1d	ACC-5	0.951	386	19	0	5	390	1	386	1.495e-254	773
blaACC-7	ACC-1	0.921	386	30	0	5	390	1	386	7.751e-245	745
blaACC-7	ACC-5	0.922	386	30	0	5	390	1	386	3.012e-245	747
blaACC-7	ACC-2	0.945	390	21	0	1	390	1	390	4.241e-255	775
blaB-10	JOHN-1	0.579	233	98	0	8	240	7	239	4.457e-80	262
blaB-10	Chryseobacterium	0.913	248	21	0	1	248	2	249	5.823e-154	475
blaB-10	PEDO-3	0.62	217	82	0	23	239	19	235	3.598e-81	265
blaB-12	JOHN-1	0.591	224	91	0	19	241	16	239	7.888e-79	258
blaB-12	Chryseobacterium	0.9	249	25	0	1	249	1	249	6.907e-152	469
blaB-12	PEDO-3	0.583	236	98	0	5	240	1	235	5.686e-82	267
blaB-13	PEDO-3	0.579	236	99	0	5	240	1	235	2.7409999999999997e-81	265
blaB-13	JOHN-1	0.587	224	92	0	19	241	16	239	3.8020000000000003e-78	256
blaB-13	Chryseobacterium	0.896	249	26	0	1	249	1	249	3.3409999999999996e-151	467
blaB-14	Chryseobacterium	0.941	248	15	0	1	248	2	249	1.0330000000000001e-159	492
blaB-14	JOHN-1	0.604	221	87	0	21	240	19	239	6.1049999999999996e-80	261
blaB-14	PEDO-3	0.566	239	102	0	1	239	1	235	8.362e-80	261
blaB-2	PEDO-3	0.585	228	94	0	13	240	9	235	3.07e-79	259
blaB-2	JOHN-1	0.581	234	98	0	8	241	6	239	7.044e-81	264
blaB-2	Chryseobacterium	0.977	249	6	0	1	249	1	249	9.031e-168	515
blaB-3	PEDO-3	0.588	228	93	0	13	240	9	235	8.725e-80	261
blaB-3	JOHN-1	0.58	234	98	0	8	241	6	239	1.3209999999999999e-80	263
blaB-3	Chryseobacterium	0.972	249	7	0	1	249	1	249	8.209e-167	512
blaB-5	PEDO-3	0.627	215	80	0	24	238	19	233	1.067e-81	267
blaB-5	Chryseobacterium	0.909	249	23	0	1	249	1	249	8.365e-154	475
blaB-5	JOHN-1	0.612	218	84	0	24	241	22	239	3.395e-80	262
blaB-6	JOHN-1	0.579	233	98	0	8	240	7	239	4.457e-80	262
blaB-6	Chryseobacterium	0.908	248	23	0	1	248	2	249	5.292e-153	472
blaB-6	PEDO-3	0.62	217	82	0	23	239	19	235	2.6269999999999996e-81	265
blaB-7	Chryseobacterium	0.91	248	22	0	1	248	2	249	2.0550000000000001e-153	473
blaB-7	PEDO-3	0.622	217	82	0	23	239	19	235	1.4e-81	266
blaB-7	JOHN-1	0.575	233	99	0	8	240	7	239	2.149e-79	260
blaB-8	Chryseobacterium	0.911	248	22	0	1	248	2	249	1.4990000000000001e-153	474
blaB-8	JOHN-1	0.576	233	98	0	8	240	7	239	1.569e-79	260
blaB-8	PEDO-3	0.623	217	81	0	23	239	19	235	1.022e-81	267
blaB-9	Chryseobacterium	0.906	248	23	0	1	248	2	249	1.363e-152	471
blaB-9	JOHN-1	0.579	233	98	0	8	240	7	239	4.457e-80	262
blaB-9	PEDO-3	0.62	217	82	0	23	239	19	235	2.6269999999999996e-81	265
blaBEL4	BEL-1	0.942	283	16	0	1	283	1	283	3.13e-183	561
blaBEL4	BEL-3	0.937	283	18	0	1	283	1	283	3.896e-182	558
blaBEL4	BEL-2	0.94	283	17	0	1	283	1	283	1.104e-182	560
blaCARB-11	CARB-2	0.925	288	22	0	1	288	1	288	1.913e-182	559
blaCARB-11	CARB-1	0.932	288	20	0	1	288	1	288	3.178e-184	565
blaCARB-11	CARB-3	0.932	288	20	0	1	288	17	304	4.3560000000000004e-184	564
blaCARB-2	CARB-1	0.937	288	18	0	1	288	1	288	2.553e-185	568
blaCARB-2	CARB-3	0.936	288	18	0	1	288	17	304	3.499e-185	567
blaCARB-2	CARB-2	0.929	288	20	0	1	288	1	288	1.5370000000000001e-183	563
blaCARB-24	CARB-19	0.953	283	13	0	1	283	1	283	1.075e-185	569
blaCARB-24	CARB-20	0.953	283	13	0	1	283	1	283	7.842e-186	569
blaCARB-24	CARB-18	0.955	283	13	0	1	283	1	283	3.0459999999999998e-186	570
blaCARB-25	CARB-19	0.954	283	13	0	1	283	1	283	5.722e-186	569
blaCARB-25	CARB-20	0.955	283	13	0	1	283	1	283	4.175e-186	570
blaCARB-25	CARB-18	0.956	283	12	0	1	283	1	283	1.622e-186	571
blaCARB-26	CARB-20	0.952	283	14	0	1	283	1	283	1.473e-185	568
blaCARB-26	CARB-19	0.952	283	14	0	1	283	1	283	2.019e-185	568
blaCARB-26	CARB-18	0.954	283	13	0	1	283	1	283	5.722e-186	569
blaCARB-27	CARB-20	0.953	283	13	0	1	283	1	283	7.842e-186	569
blaCARB-27	CARB-17	0.956	283	12	0	1	283	1	283	1.622e-186	571
blaCARB-27	CARB-18	0.955	283	13	0	1	283	1	283	3.0459999999999998e-186	570
blaCARB-28	CARB-18	0.956	283	12	0	1	283	1	283	2.223e-186	571
blaCARB-28	CARB-20	0.954	283	13	0	1	283	1	283	5.722e-186	569
blaCARB-28	CARB-19	0.953	283	13	0	1	283	1	283	7.842e-186	569
blaCARB-29	CARB-18	0.956	283	12	0	1	283	1	283	2.223e-186	571
blaCARB-29	CARB-19	0.953	283	13	0	1	283	1	283	7.842e-186	569
blaCARB-29	CARB-20	0.954	283	13	0	1	283	1	283	5.722e-186	569
blaCARB-30	CARB-18	0.952	283	14	0	1	283	1	283	2.019e-185	568
blaCARB-30	CARB-19	0.949	283	14	0	1	283	1	283	7.124e-185	566
blaCARB-30	CARB-21	0.953	283	13	0	1	283	28	310	7.842e-186	569
blaCARB-31	CARB-17	0.947	283	15	0	1	283	1	283	2.5140000000000004e-184	565
blaCARB-31	CARB-19	0.949	283	14	0	1	283	1	283	9.764e-185	566
blaCARB-31	CARB-18	0.951	283	14	0	1	283	1	283	2.7669999999999998e-185	567
blaCARB-32	CARB-21	0.952	283	14	0	1	283	28	310	2.019e-185	568
blaCARB-32	CARB-17	0.946	283	15	0	1	283	1	283	4.722000000000001e-184	564
blaCARB-32	CARB-20	0.948	283	15	0	1	283	1	283	1.3380000000000002e-184	565
blaCARB-33	CARB-19	0.953	283	13	0	1	283	1	283	1.075e-185	569
blaCARB-33	CARB-20	0.953	283	13	0	1	283	1	283	7.842e-186	569
blaCARB-33	CARB-18	0.955	283	13	0	1	283	1	283	3.0459999999999998e-186	570
blaCARB-34	CARB-19	0.953	283	13	0	1	283	1	283	7.842e-186	569
blaCARB-34	CARB-18	0.956	283	12	0	1	283	1	283	2.223e-186	571
blaCARB-34	CARB-20	0.954	283	13	0	1	283	1	283	5.722e-186	569
blaCARB-35	CARB-20	0.953	283	13	0	1	283	1	283	1.075e-185	569
blaCARB-35	CARB-18	0.955	283	13	0	1	283	1	283	4.175e-186	570
blaCARB-35	CARB-19	0.952	283	14	0	1	283	1	283	1.473e-185	568
blaCARB-36	CARB-18	0.956	283	12	0	1	283	1	283	2.223e-186	571
blaCARB-36	CARB-20	0.954	283	13	0	1	283	1	283	5.722e-186	569
blaCARB-36	CARB-19	0.953	283	13	0	1	283	1	283	7.842e-186	569
blaCARB-38	CARB-18	0.952	283	14	0	1	283	1	283	1.473e-185	568
blaCARB-38	CARB-20	0.95	283	14	0	1	283	1	283	3.793e-185	567
blaCARB-38	CARB-19	0.95	283	14	0	1	283	1	283	5.1979999999999996e-185	567
blaCARB-40	CARB-20	0.955	283	13	0	1	283	1	283	4.175e-186	570
blaCARB-40	CARB-21	0.951	283	14	0	1	283	28	310	2.7669999999999998e-185	567
blaCARB-40	CARB-17	0.952	283	14	0	1	283	1	283	1.473e-185	568
blaCARB-41	CARB-18	0.957	283	12	0	1	283	1	283	1.183e-186	571
blaCARB-41	CARB-20	0.955	283	13	0	1	283	1	283	3.0459999999999998e-186	570
blaCARB-41	CARB-19	0.955	283	13	0	1	283	1	283	4.175e-186	570
blaCARB-42	CARB-19	0.856	283	41	0	1	283	1	283	4.1430000000000005e-163	503
blaCARB-42	CARB-18	0.854	283	41	0	1	283	1	283	1.461e-162	502
blaCARB-42	CARB-20	0.852	283	42	0	1	283	1	283	3.761e-162	501
blaCARB-43	CARB-19	0.952	283	14	0	1	283	1	283	1.473e-185	568
blaCARB-43	CARB-20	0.953	283	13	0	1	283	1	283	1.075e-185	569
blaCARB-43	CARB-18	0.955	283	13	0	1	283	1	283	4.175e-186	570
blaCARB-44	CARB-20	0.952	283	14	0	1	283	1	283	2.019e-185	568
blaCARB-44	CARB-19	0.951	283	14	0	1	283	1	283	2.7669999999999998e-185	567
blaCARB-44	CARB-18	0.953	283	13	0	1	283	1	283	7.842e-186	569
blaCARB-45	CARB-18	0.952	283	14	0	1	283	1	283	2.019e-185	568
blaCARB-45	CARB-20	0.95	283	14	0	1	283	1	283	5.1979999999999996e-185	567
blaCARB-45	CARB-19	0.949	283	14	0	1	283	1	283	7.124e-185	566
blaCARB-46	CARB-19	0.953	283	13	0	1	283	1	283	7.842e-186	569
blaCARB-46	CARB-20	0.954	283	13	0	1	283	1	283	5.722e-186	569
blaCARB-46	CARB-18	0.956	283	12	0	1	283	1	283	2.223e-186	571
blaCARB-47	CARB-20	0.952	283	14	0	1	283	1	283	2.019e-185	568
blaCARB-47	CARB-18	0.953	283	13	0	1	283	1	283	7.842e-186	569
blaCARB-47	CARB-19	0.951	283	14	0	1	283	1	283	2.7669999999999998e-185	567
blaCARB-48	CARB-18	0.953	283	13	0	1	283	1	283	7.842e-186	569
blaCARB-48	CARB-19	0.951	283	14	0	1	283	1	283	2.7669999999999998e-185	567
blaCARB-48	CARB-17	0.949	283	14	0	1	283	1	283	7.124e-185	566
blaCARB-49	CARB-8	0.944	298	17	0	1	298	1	298	9.701e-194	593
blaCARB-49	CARB-16	0.945	298	16	0	1	298	1	298	7.078000000000001e-194	593
blaCARB-49	CARB-5	0.942	298	17	0	1	298	1	298	3.4230000000000004e-193	591
blaCARB-50	CARB-3	0.931	288	20	0	1	288	17	304	8.182000000000001e-184	563
blaCARB-50	CARB-1	0.931	288	20	0	1	288	1	288	5.970000000000001e-184	564
blaCARB-50	CARB-2	0.924	288	22	0	1	288	1	288	3.594e-182	559
blaCMG	MIR-16	0.941	347	20	0	1	347	10	356	1.868e-225	687
blaCMG	MIR-15	0.939	347	21	0	1	347	10	356	6.589e-225	685
blaCMG	MIR-23	0.941	347	20	0	1	347	10	356	2.5600000000000002e-225	687
blaCMY-106	CMY-49	0.97	381	11	0	1	381	1	381	3.3809999999999996e-257	781
blaCMY-106	CMY-124	0.971	381	11	0	1	381	1	381	1.8e-257	781
blaCMY-106	CMY-13	0.971	381	11	0	1	381	1	381	2.467e-257	781
blaCMY-109	CMY-115	0.979	381	8	0	1	381	1	381	8.490999999999999e-260	788
blaCMY-109	CMY-48	0.97	381	11	0	1	381	1	381	3.3809999999999996e-257	781
blaCMY-109	CMY-118	0.969	381	12	0	1	381	1	381	6.348999999999999e-257	780
blaCMY-131	CMY-7	0.971	381	11	0	1	381	1	381	1.8e-257	781
blaCMY-131	CMY-29	0.969	381	12	0	1	381	1	381	6.348999999999999e-257	780
blaCMY-131	CMY-32	0.969	381	12	0	1	381	1	381	6.348999999999999e-257	780
blaCMY-2b	CMY-2	0.974	381	10	0	1	381	1	381	2.7180000000000003e-258	784
blaCMY-2b	CMY-30	0.971	381	11	0	1	381	1	381	2.467e-257	781
blaCMY-2b	CMY-25	0.971	381	11	0	1	381	1	381	1.8e-257	781
blaCMY-8b	CMY-8	0.957	382	16	0	1	382	1	382	1.28e-253	770
blaCMY-8b	CMY-9	0.956	382	17	0	1	382	1	382	3.294e-253	769
blaCMY-8b	MOX-1	0.955	382	17	0	1	382	1	382	4.515e-253	769
blaCTX-M-127	CTX-M-15	0.92	291	23	0	1	291	1	291	3.322e-183	562
blaCTX-M-127	CTX-M-82	0.917	291	24	0	1	291	1	291	1.606e-182	560
blaCTX-M-127	CTX-M-33	0.917	291	24	0	1	291	1	291	1.606e-182	560
blaCTX-M-138	CTX-M-1	0.921	291	23	0	1	291	1	291	1.769e-183	563
blaCTX-M-138	CTX-M-158	0.919	291	23	0	1	291	1	291	6.24e-183	561
blaCTX-M-138	CTX-M-36	0.919	291	23	0	1	291	1	291	6.24e-183	561
blaCTX-M-146	CTX-M-158	0.921	291	23	0	1	291	1	291	1.769e-183	563
blaCTX-M-146	CTX-M-36	0.921	291	23	0	1	291	1	291	1.769e-183	563
blaCTX-M-146	CTX-M-1	0.923	291	22	0	1	291	1	291	5.013e-184	564
blaCTX-M-150	CTX-M-15	0.917	291	24	0	1	291	1	291	1.606e-182	560
blaCTX-M-150	CTX-M-139	0.915	291	25	0	1	291	1	291	5.667e-182	558
blaCTX-M-150	CTX-M-82	0.914	291	25	0	1	291	1	291	7.767e-182	558
blaCTX-M-167	CTX-M-3	0.919	291	23	0	1	291	1	291	4.553e-183	561
blaCTX-M-167	CTX-M-71	0.922	291	23	0	1	291	1	291	9.416000000000001e-184	563
blaCTX-M-167	CTX-M-34	0.922	291	23	0	1	291	1	291	1.29e-183	563
blaCTX-M-168	CTX-M-14	0.926	291	21	0	1	291	1	291	1.0370000000000001e-184	566
blaCTX-M-168	CTX-M-126	0.926	291	21	0	1	291	1	291	1.0370000000000001e-184	566
blaCTX-M-168	CTX-M-19	0.927	291	21	0	1	291	1	291	7.565e-185	567
blaCTX-M-169	CTX-M-82	0.918	291	24	0	1	291	1	291	1.172e-182	560
blaCTX-M-169	CTX-M-96	0.919	291	23	0	1	291	1	291	6.24e-183	561
blaCTX-M-169	CTX-M-15	0.92	291	23	0	1	291	1	291	2.424e-183	562
blaCTX-M-170	CTX-M-15	0.92	291	23	0	1	291	1	291	3.322e-183	562
blaCTX-M-170	CTX-M-82	0.917	291	24	0	1	291	1	291	1.606e-182	560
blaCTX-M-170	CTX-M-33	0.917	291	24	0	1	291	1	291	1.606e-182	560
blaCTX-M-171	CTX-M-2	0.925	291	22	0	1	291	1	291	1.9470000000000003e-184	565
blaCTX-M-171	CTX-M-141	0.922	291	23	0	1	291	1	291	9.416000000000001e-184	563
blaCTX-M-171	CTX-M-44	0.922	291	23	0	1	291	1	291	9.416000000000001e-184	563
blaCTX-M-172	CTX-M-103	0.918	291	24	0	1	291	1	291	1.172e-182	560
blaCTX-M-172	CTX-M-15	0.919	291	23	0	1	291	1	291	4.553e-183	561
blaCTX-M-172	CTX-M-55	0.917	291	24	0	1	291	1	291	1.606e-182	560
blaCTX-M-173	CTX-M-82	0.917	291	24	0	1	291	1	291	1.606e-182	560
blaCTX-M-173	CTX-M-15	0.92	291	23	0	1	291	1	291	3.322e-183	562
blaCTX-M-173	CTX-M-33	0.917	291	24	0	1	291	1	291	1.606e-182	560
blaCTX-M-174	CTX-M-16	0.921	291	23	0	1	291	1	291	1.769e-183	563
blaCTX-M-174	CTX-M-129	0.922	291	23	0	1	291	1	291	1.29e-183	563
blaCTX-M-174	CTX-M-27	0.923	291	22	0	1	291	1	291	5.013e-184	564
blaCTX-M-175	CTX-M-1	0.922	291	23	0	1	291	1	291	9.416000000000001e-184	563
blaCTX-M-175	CTX-M-158	0.92	291	23	0	1	291	1	291	3.322e-183	562
blaCTX-M-175	CTX-M-166	0.922	291	23	0	1	291	1	291	9.416000000000001e-184	563
blaCTX-M-176	CTX-M-33	0.917	291	24	0	1	291	1	291	1.606e-182	560
blaCTX-M-176	CTX-M-82	0.917	291	24	0	1	291	1	291	1.606e-182	560
blaCTX-M-176	CTX-M-15	0.92	291	23	0	1	291	1	291	3.322e-183	562
blaCTX-M-177	CTX-M-136	0.915	291	25	0	1	291	1	291	4.135e-182	559
blaCTX-M-177	CTX-M-80	0.915	291	25	0	1	291	1	291	4.135e-182	559
blaCTX-M-177	CTX-M-3	0.918	291	24	0	1	291	1	291	1.172e-182	560
blaCTX-M-179	CTX-M-15	0.918	291	24	0	1	291	1	291	1.172e-182	560
blaCTX-M-179	CTX-M-55	0.92	291	23	0	1	291	1	291	3.322e-183	562
blaCTX-M-179	CTX-M-79	0.917	291	24	0	1	291	1	291	1.606e-182	560
blaCTX-M-180	CTX-M-15	0.918	291	24	0	1	291	1	291	8.552e-183	561
blaCTX-M-180	CTX-M-82	0.915	291	25	0	1	291	1	291	4.135e-182	559
blaCTX-M-180	CTX-M-33	0.915	291	25	0	1	291	1	291	4.135e-182	559
blaCTX-M-181	CTX-M-15	0.92	291	23	0	1	291	1	291	3.322e-183	562
blaCTX-M-181	CTX-M-82	0.917	291	24	0	1	291	1	291	1.606e-182	560
blaCTX-M-181	CTX-M-139	0.918	291	24	0	1	291	1	291	1.172e-182	560
blaCTX-M-182	CTX-M-82	0.918	291	24	0	1	291	1	291	8.552e-183	561
blaCTX-M-182	CTX-M-139	0.919	291	23	0	1	291	1	291	6.24e-183	561
blaCTX-M-182	CTX-M-15	0.921	291	23	0	1	291	1	291	1.769e-183	563
blaCTX-M-183	CTX-M-15	0.921	291	23	0	1	291	1	291	1.769e-183	563
blaCTX-M-183	CTX-M-82	0.918	291	24	0	1	291	1	291	8.552e-183	561
blaCTX-M-183	CTX-M-33	0.918	291	24	0	1	291	1	291	8.552e-183	561
blaCTX-M-184	CTX-M-82	0.916	291	24	0	1	291	1	291	2.201e-182	559
blaCTX-M-184	CTX-M-15	0.919	291	23	0	1	291	1	291	4.553e-183	561
blaCTX-M-184	CTX-M-33	0.916	291	24	0	1	291	1	291	2.201e-182	559
blaCTX-M-186	CTX-M-82	0.916	291	24	0	1	291	1	291	2.201e-182	559
blaCTX-M-186	CTX-M-15	0.919	291	23	0	1	291	1	291	4.553e-183	561
blaCTX-M-186	CTX-M-139	0.917	291	24	0	1	291	1	291	1.606e-182	560
blaCTX-M-188	CTX-M-33	0.918	291	24	0	1	291	1	291	1.172e-182	560
blaCTX-M-188	CTX-M-82	0.918	291	24	0	1	291	1	291	1.172e-182	560
blaCTX-M-188	CTX-M-15	0.92	291	23	0	1	291	1	291	2.424e-183	562
blaCTX-M-189	CTX-M-15	0.92	291	23	0	1	291	1	291	2.424e-183	562
blaCTX-M-189	CTX-M-82	0.918	291	24	0	1	291	1	291	1.172e-182	560
blaCTX-M-189	CTX-M-33	0.918	291	24	0	1	291	1	291	1.172e-182	560
blaCTX-M-190	CTX-M-139	0.918	291	24	0	1	291	1	291	1.172e-182	560
blaCTX-M-190	CTX-M-136	0.918	291	24	0	1	291	1	291	8.552e-183	561
blaCTX-M-190	CTX-M-55	0.922	291	23	0	1	291	1	291	9.416000000000001e-184	563
blaCTX-M-191	CTX-M-84	0.924	291	22	0	1	291	1	291	3.6580000000000004e-184	565
blaCTX-M-191	CTX-M-14	0.927	291	21	0	1	291	1	291	7.565e-185	567
blaCTX-M-191	CTX-M-24	0.924	291	22	0	1	291	1	291	3.6580000000000004e-184	565
blaCTX-M-192	CTX-M-27	0.927	291	21	0	1	291	1	291	5.52e-185	567
blaCTX-M-192	CTX-M-129	0.926	291	21	0	1	291	1	291	1.4210000000000002e-184	566
blaCTX-M-192	CTX-M-16	0.925	291	22	0	1	291	1	291	1.9470000000000003e-184	565
blaCTX-M-193	CTX-M-15	0.92	291	23	0	1	291	1	291	2.424e-183	562
blaCTX-M-193	CTX-M-82	0.918	291	24	0	1	291	1	291	1.172e-182	560
blaCTX-M-193	CTX-M-33	0.918	291	24	0	1	291	1	291	1.172e-182	560
blaCTX-M-194	CTX-M-15	0.921	291	23	0	1	291	1	291	1.769e-183	563
blaCTX-M-194	CTX-M-139	0.919	291	23	0	1	291	1	291	6.24e-183	561
blaCTX-M-194	CTX-M-163	0.92	291	23	0	1	291	1	291	2.424e-183	562
blaCTX-M-195	CTX-M-27	0.926	291	21	0	1	291	1	291	1.0370000000000001e-184	566
blaCTX-M-195	CTX-M-129	0.924	291	22	0	1	291	1	291	2.669e-184	565
blaCTX-M-195	CTX-M-16	0.924	291	22	0	1	291	1	291	3.6580000000000004e-184	565
blaCTX-M-196	CTX-M-27	0.926	291	21	0	1	291	1	291	1.0370000000000001e-184	566
blaCTX-M-196	CTX-M-16	0.924	291	22	0	1	291	1	291	3.6580000000000004e-184	565
blaCTX-M-196	CTX-M-24	0.926	291	21	0	1	291	1	291	1.4210000000000002e-184	566
blaCTX-M-197	CTX-M-82	0.918	291	24	0	1	291	1	291	1.172e-182	560
blaCTX-M-197	CTX-M-139	0.918	291	24	0	1	291	1	291	8.552e-183	561
blaCTX-M-197	CTX-M-15	0.92	291	23	0	1	291	1	291	2.424e-183	562
blaCTX-M-198	CTX-M-24	0.921	291	23	0	1	291	1	291	1.769e-183	563
blaCTX-M-198	CTX-M-84	0.921	291	23	0	1	291	1	291	1.769e-183	563
blaCTX-M-198	CTX-M-14	0.924	291	22	0	1	291	1	291	3.6580000000000004e-184	565
blaCTX-M-199	CTX-M-132	0.882	291	34	0	1	291	1	291	3.592e-174	536
blaCTX-M-199	CTX-M-123	0.891	291	32	0	1	291	1	291	3.178e-176	542
blaCTX-M-199	CTX-M-64	0.926	291	21	0	1	291	1	291	1.0370000000000001e-184	566
blaCTX-M-200	CTX-M-31	0.922	291	23	0	1	291	1	291	9.416000000000001e-184	563
blaCTX-M-200	CTX-M-2	0.924	291	22	0	1	291	1	291	2.669e-184	565
blaCTX-M-200	CTX-M-141	0.922	291	23	0	1	291	1	291	1.29e-183	563
blaCTX-M-201	CTX-M-84	0.922	291	23	0	1	291	1	291	9.416000000000001e-184	563
blaCTX-M-201	CTX-M-24	0.922	291	23	0	1	291	1	291	9.416000000000001e-184	563
blaCTX-M-201	CTX-M-14	0.925	291	22	0	1	291	1	291	1.9470000000000003e-184	565
blaCTX-M-202	CTX-M-15	0.92	291	23	0	1	291	1	291	3.322e-183	562
blaCTX-M-202	CTX-M-82	0.917	291	24	0	1	291	1	291	1.606e-182	560
blaCTX-M-202	CTX-M-33	0.917	291	24	0	1	291	1	291	1.606e-182	560
blaCTX-M-203	CTX-M-136	0.919	291	23	0	1	291	1	291	4.553e-183	561
blaCTX-M-203	CTX-M-80	0.919	291	23	0	1	291	1	291	4.553e-183	561
blaCTX-M-203	CTX-M-3	0.922	291	23	0	1	291	1	291	1.29e-183	563
blaCTX-M-204	CTX-M-80	0.92	291	23	0	1	291	1	291	3.322e-183	562
blaCTX-M-204	CTX-M-3	0.922	291	23	0	1	291	1	291	9.416000000000001e-184	563
blaCTX-M-204	CTX-M-136	0.92	291	23	0	1	291	1	291	3.322e-183	562
blaCTX-M-206	CTX-M-12	0.919	291	23	0	1	291	1	291	6.24e-183	561
blaCTX-M-206	CTX-M-80	0.918	291	24	0	1	291	1	291	8.552e-183	561
blaCTX-M-206	CTX-M-3	0.92	291	23	0	1	291	1	291	2.424e-183	562
blaCTX-M-207	CTX-M-79	0.916	291	24	0	1	291	1	291	2.201e-182	559
blaCTX-M-207	CTX-M-55	0.919	291	23	0	1	291	1	291	4.553e-183	561
blaCTX-M-207	CTX-M-136	0.919	291	23	0	1	291	1	291	4.553e-183	561
blaCTX-M-208	CTX-M-55	0.919	291	23	0	1	291	1	291	6.24e-183	561
blaCTX-M-208	CTX-M-103	0.919	291	23	0	1	291	1	291	4.553e-183	561
blaCTX-M-208	CTX-M-15	0.921	291	23	0	1	291	1	291	1.769e-183	563
blaCTX-M-209	CTX-M-15	0.92	291	23	0	1	291	1	291	3.322e-183	562
blaCTX-M-209	CTX-M-33	0.917	291	24	0	1	291	1	291	1.606e-182	560
blaCTX-M-209	CTX-M-82	0.917	291	24	0	1	291	1	291	1.606e-182	560
blaCTX-M-210	CTX-M-33	0.917	291	24	0	1	291	1	291	1.606e-182	560
blaCTX-M-210	CTX-M-15	0.92	291	23	0	1	291	1	291	3.322e-183	562
blaCTX-M-210	CTX-M-82	0.917	291	24	0	1	291	1	291	1.606e-182	560
blaCTX-M-211	CTX-M-80	0.923	289	22	0	6	294	3	291	1.3480000000000001e-182	560
blaCTX-M-211	CTX-M-136	0.923	289	22	0	6	294	3	291	1.3480000000000001e-182	560
blaCTX-M-211	CTX-M-3	0.926	289	21	0	6	294	3	291	3.822e-183	562
blaCTX-M-212	CTX-M-52	0.922	291	23	0	1	291	1	291	9.416000000000001e-184	563
blaCTX-M-212	CTX-M-42	0.922	291	23	0	1	291	1	291	9.416000000000001e-184	563
blaCTX-M-212	CTX-M-136	0.921	291	23	0	1	291	1	291	1.769e-183	563
blaCTX-M-213	CTX-M-13	0.929	291	21	0	1	291	1	291	2.144e-185	568
blaCTX-M-213	CTX-M-14	0.922	291	23	0	1	291	1	291	9.416000000000001e-184	563
blaCTX-M-213	CTX-M-84	0.919	291	23	0	1	291	1	291	4.553e-183	561
blaCTX-M-214	CTX-M-9	0.927	291	21	0	1	291	1	291	7.565e-185	567
blaCTX-M-214	CTX-M-51	0.924	291	22	0	1	291	1	291	2.669e-184	565
blaCTX-M-214	CTX-M-14	0.924	291	22	0	1	291	1	291	2.669e-184	565
blaCTX-M-216	CTX-M-82	0.916	291	24	0	1	291	1	291	2.201e-182	559
blaCTX-M-216	CTX-M-15	0.919	291	23	0	1	291	1	291	4.553e-183	561
blaCTX-M-216	CTX-M-33	0.916	291	24	0	1	291	1	291	2.201e-182	559
blaCTX-M-217	CTX-M-160	0.927	291	21	0	1	291	1	291	7.565e-185	567
blaCTX-M-217	CTX-M-100	0.93	291	20	0	1	291	1	291	1.564e-185	569
blaCTX-M-217	CTX-M-94	0.926	291	21	0	1	291	1	291	1.0370000000000001e-184	566
blaCTX-M-218	CTX-M-82	0.918	291	24	0	1	291	1	291	8.552e-183	561
blaCTX-M-218	CTX-M-15	0.921	291	23	0	1	291	1	291	1.769e-183	563
blaCTX-M-218	CTX-M-139	0.919	291	23	0	1	291	1	291	6.24e-183	561
blaCTX-M-219	CTX-M-126	0.924	291	22	0	1	291	1	291	3.6580000000000004e-184	565
blaCTX-M-219	CTX-M-19	0.926	291	21	0	1	291	1	291	1.4210000000000002e-184	566
blaCTX-M-219	CTX-M-147	0.923	291	22	0	1	291	1	291	5.013e-184	564
blaCTX-M-220	CTX-M-3	0.92	291	23	0	1	291	1	291	3.322e-183	562
blaCTX-M-220	CTX-M-33	0.918	291	24	0	1	291	1	291	1.172e-182	560
blaCTX-M-220	CTX-M-80	0.918	291	24	0	1	291	1	291	1.172e-182	560
blaCTX-M-73	CTX-M-14	0.928	291	21	0	1	291	1	291	4.027e-185	567
blaCTX-M-73	CTX-M-24	0.925	291	22	0	1	291	1	291	1.9470000000000003e-184	565
blaCTX-M-73	CTX-M-84	0.925	291	22	0	1	291	1	291	1.9470000000000003e-184	565
blaCTX-M-97	CTX-M-2	0.925	291	22	0	1	291	1	291	1.9470000000000003e-184	565
blaCTX-M-97	CTX-M-141	0.922	291	23	0	1	291	1	291	9.416000000000001e-184	563
blaCTX-M-97	CTX-M-44	0.922	291	23	0	1	291	1	291	9.416000000000001e-184	563
blaDHA-23	DHA-17	0.955	379	17	0	1	379	1	379	4.429e-251	763
blaDHA-23	DHA-1	0.957	379	16	0	1	379	1	379	1.256e-251	764
blaDHA-23	DHA-6	0.957	379	16	0	1	379	1	379	1.256e-251	764
blaDHA-24	DHA-1	0.956	379	17	0	1	379	1	379	2.359e-251	764
blaDHA-24	DHA-17	0.954	379	17	0	1	379	1	379	8.318e-251	762
blaDHA-24	DHA-6	0.954	379	17	0	1	379	1	379	8.318e-251	762
blaDHA-25	DHA-17	0.954	379	17	0	1	379	1	379	8.318e-251	762
blaDHA-25	DHA-6	0.956	379	17	0	1	379	1	379	1.721e-251	764
blaDHA-25	DHA-1	0.956	379	17	0	1	379	1	379	2.359e-251	764
blaDHA-26	DHA-1	0.956	379	17	0	1	379	1	379	2.359e-251	764
blaDHA-26	DHA-9	0.956	379	17	0	1	379	1	379	3.2320000000000003e-251	763
blaDHA-26	DHA-3	0.953	379	18	0	1	379	1	379	2.141e-250	761
blaDHA-27	DHA-1	0.954	379	17	0	1	379	1	379	8.318e-251	762
blaDHA-27	DHA-19	0.956	379	17	0	1	379	1	379	1.721e-251	764
blaDHA-27	DHA-13	0.96	379	15	0	1	379	1	379	1.3840000000000001e-252	767
blaGOB-1	GOB-10	0.974	290	8	0	1	290	1	290	1.516e-195	597
blaGOB-1	GOB-12	0.967	290	10	0	1	290	1	290	9.13e-194	592
blaGOB-1	GOB-9	0.969	290	9	0	1	290	1	290	2.5870000000000002e-194	594
blaGOB-2	GOB-2	0.991	247	2	0	1	247	6	252	2.5599999999999997e-169	519
blaGOB-2	GOB-1	0.985	247	4	0	1	247	27	273	4.373e-168	516
blaGOB-2	GOB-18	0.98	247	5	0	1	247	27	273	5.448e-167	512
blaGOB-3	GOB-3	0.989	247	3	0	1	247	6	252	9.036999999999999e-169	518
blaGOB-3	GOB-4	0.979	247	5	0	1	247	6	252	7.468e-167	512
blaGOB-3	GOB-10	0.975	247	6	0	1	247	27	273	6.788e-166	509
blaGOB-4	GOB-6	0.979	247	5	0	1	247	6	252	7.468e-167	512
blaGOB-4	GOB-5	0.979	247	5	0	1	247	6	252	7.468e-167	512
blaGOB-4	GOB-4	0.991	247	2	0	1	247	6	252	3.509e-169	519
blaGOB-5	GOB-5	0.989	247	3	0	1	247	6	252	9.036999999999999e-169	518
blaGOB-5	GOB-8	0.981	247	5	0	1	247	27	273	3.975e-167	513
blaGOB-5	GOB-10	0.981	247	5	0	1	247	27	273	3.975e-167	513
blaIMI-5	NmcA	0.803	291	57	0	1	291	1	291	3.96e-155	481
blaIMI-5	IMI-4	0.805	291	57	0	1	291	1	291	1.1230000000000001e-155	482
blaIMI-5	IMI-8	0.814	288	53	0	1	288	1	288	4.364e-156	484
blaIMP-17	IMP-13	0.971	246	7	0	1	246	1	246	1.5159999999999999e-164	505
blaIMP-17	IMP-37	0.965	245	9	0	1	245	1	245	1.252e-162	500
blaIMP-17	IMP-33	0.962	246	9	0	1	246	1	246	1.252e-162	500
blaIMP-23	IMP-20	0.981	246	5	0	1	246	1	246	1.834e-166	511
blaIMP-23	IMP-8	0.982	246	4	0	1	246	1	246	9.763e-167	512
blaIMP-23	IMP-24	0.98	246	5	0	1	246	1	246	2.5140000000000003e-166	511
blaIMP-53	IMP-45	0.985	245	4	0	1	245	1	245	1.2760000000000001e-166	511
blaIMP-53	IMP-9	0.981	245	5	0	1	245	1	245	8.464e-166	509
blaIMP-53	IMP-5	0.922	240	19	0	1	240	1	240	1.34e-150	465
blaIMP-54	IMP-32	0.969	246	8	0	1	246	1	246	5.35e-164	504
blaIMP-54	IMP-14	0.974	246	6	0	1	246	1	246	4.294e-165	507
blaIMP-54	IMP-48	0.972	246	7	0	1	246	1	246	1.106e-164	506
blaIMP-58	IMP-22	0.986	246	3	0	1	246	1	246	1.4719999999999999e-167	514
blaIMP-58	IMP-16	0.954	246	11	0	1	246	1	246	4.018e-161	496
blaIMP-58	IMP-29	0.927	246	18	0	1	246	1	246	1.653e-155	479
blaIMP-59	IMP-26	0.975	246	6	0	1	246	1	246	2.2850000000000003e-165	508
blaIMP-59	IMP-38	0.976	246	6	0	1	246	1	246	1.6670000000000002e-165	508
blaIMP-59	IMP-4	0.979	246	5	0	1	246	1	246	4.7240000000000004e-166	510
blaIMP-60	IMP-1	0.975	246	6	0	1	246	1	246	3.1330000000000003e-165	507
blaIMP-60	IMP-30	0.972	246	7	0	1	246	1	246	1.106e-164	506
blaIMP-60	IMP-6	0.972	246	7	0	1	246	1	246	1.106e-164	506
blaIMP-61	IMP-30	0.967	246	8	0	1	246	1	246	1.0050000000000001e-163	503
blaIMP-61	IMP-6	0.967	246	8	0	1	246	1	246	1.0050000000000001e-163	503
blaIMP-61	IMP-1	0.97	246	7	0	1	246	1	246	2.848e-164	505
blaIMP-62	IMP-28	0.922	246	19	0	1	246	1	246	1.502e-154	477
blaIMP-62	IMP-15	0.99	246	2	0	1	246	1	246	2.22e-168	516
blaIMP-62	IMP-5	0.931	246	17	0	1	246	1	246	2.492e-156	482
blaIMP-63	IMP-12	0.97	246	7	0	1	246	1	246	2.848e-164	505
blaIMP-63	IMP-22	0.875	246	31	0	1	246	1	246	5.769e-145	449
blaIMP-63	IMP-16	0.871	246	32	0	1	246	1	246	2.791e-144	447
blaIMP-64	IMP-24	0.883	246	29	0	1	246	1	246	9.577000000000001e-147	454
blaIMP-64	IMP-27	0.99	246	2	0	1	246	1	246	2.22e-168	516
blaIMP-64	IMP-8	0.885	246	28	0	1	246	1	246	3.719e-147	455
blaIMP-66	IMP-1	0.973	246	7	0	1	246	1	246	5.885e-165	507
blaIMP-66	IMP-30	0.971	246	7	0	1	246	1	246	2.077e-164	505
blaIMP-66	IMP-6	0.971	246	7	0	1	246	1	246	2.077e-164	505
blaIMP-67	IMP-24	0.888	246	27	0	1	246	1	246	1.0540000000000001e-147	457
blaIMP-67	IMP-8	0.89	246	27	0	1	246	1	246	4.093e-148	458
blaIMP-67	IMP-27	0.995	246	1	0	1	246	1	246	2.4419999999999998e-169	519
blaIMP-70	IMP-1	0.975	246	6	0	1	246	1	246	2.2850000000000003e-165	508
blaIMP-70	IMP-6	0.973	246	7	0	1	246	1	246	8.067e-165	506
blaIMP-70	IMP-30	0.973	246	7	0	1	246	1	246	8.067e-165	506
blaIMP-71	IMP-18	0.971	246	7	0	1	246	1	246	2.077e-164	505
blaIMP-71	IMP-56	0.968	246	8	0	1	246	1	246	7.333e-164	503
blaIMP-71	IMP-49	0.975	246	6	0	1	246	1	246	2.2850000000000003e-165	508
blaIMP-73	IMP-43	0.975	246	6	0	1	246	1	246	2.2850000000000003e-165	508
blaIMP-73	IMP-7	0.977	246	6	0	1	246	1	246	1.2160000000000001e-165	509
blaIMP-73	IMP-51	0.974	246	6	0	1	246	1	246	4.294e-165	507
blaIMP-74	IMP-22	0.954	246	11	0	1	246	1	246	5.507e-161	495
blaIMP-74	IMP-16	0.988	246	3	0	1	246	1	246	7.835000000000001e-168	515
blaIMP-74	IMP-41	0.942	240	14	0	1	240	1	240	2.059e-154	476
blaIMP-75	IMP-18	0.967	246	8	0	1	246	1	246	1.0050000000000001e-163	503
blaIMP-75	IMP-56	0.965	246	9	0	1	246	1	246	3.5480000000000005e-163	501
blaIMP-75	IMP-49	0.972	246	7	0	1	246	1	246	1.106e-164	506
blaKLUC-2	CTX-M-37	0.818	291	53	0	1	291	1	291	1.047e-158	491
blaKLUC-2	CTX-M-10	0.819	291	52	0	1	291	1	291	5.577e-159	492
blaKLUC-2	CTX-M-80	0.817	291	53	0	1	291	1	291	1.967e-158	490
blaKLUC-3	CTX-M-28	0.815	291	54	0	1	291	1	291	5.061e-158	489
blaKLUC-3	CTX-M-132	0.818	291	53	0	1	291	1	291	1.047e-158	491
blaKLUC-3	CTX-M-37	0.814	291	54	0	1	291	1	291	6.936e-158	489
blaKLUC-4	CTX-M-10	0.817	291	53	0	1	291	1	291	1.967e-158	490
blaKLUC-4	CTX-M-37	0.815	291	54	0	1	291	1	291	3.693e-158	490
blaKLUC-4	CTX-M-68	0.813	291	54	0	1	291	1	291	1.303e-157	488
blaKPC-21	KPC-27	0.943	293	17	0	1	293	1	293	5.2209999999999995e-190	582
blaKPC-21	KPC-1	0.942	293	17	0	1	293	1	293	9.807999999999998e-190	581
blaKPC-21	KPC-26	0.94	293	18	0	1	293	1	293	2.525e-189	580
blaKPC-9	KPC-56	0.949	281	14	0	1	281	9	289	2.079e-183	562
blaKPC-9	KPC-23	0.951	281	14	0	1	281	9	289	5.891000000000001e-184	563
blaKPC-9	KPC-9	0.951	281	14	0	1	281	4	284	5.891000000000001e-184	563
blaL	TEM-113	0.412	260	146	0	61	320	35	283	1.244e-53	189
blaL	TEM-94	0.408	260	147	0	61	320	35	283	8.0309999999999995e-53	186
blaL	TEM-153	0.431	237	127	0	61	297	35	259	9.646e-52	183
blaLEN10	LEN-13	0.943	261	15	0	1	261	15	275	9.317e-169	518
blaLEN10	LEN-18	0.945	261	14	0	1	261	15	275	2.6399999999999997e-169	520
blaLEN10	LEN-10	0.946	261	14	0	1	261	15	275	1.9259999999999997e-169	520
blaLEN12	LEN-16	0.939	261	16	0	1	261	15	275	6.177e-168	516
blaLEN12	LEN-12	0.945	261	14	0	1	261	15	275	3.619e-169	520
blaLEN12	LEN-9	0.939	261	16	0	1	261	15	275	6.177e-168	516
blaLEN13	LEN-25	0.942	261	15	0	1	261	15	275	1.277e-168	518
blaLEN13	LEN-10	0.943	261	15	0	1	261	15	275	9.317e-169	518
blaLEN13	LEN-13	0.945	261	14	0	1	261	15	275	2.6399999999999997e-169	520
blaLEN4	LEN-4	0.942	271	16	0	1	271	4	274	3.997e-175	537
blaLEN4	LEN-10	0.937	271	17	0	1	271	11	281	3.631e-174	535
blaLEN4	LEN-7	0.937	271	17	0	1	271	11	281	4.977e-174	534
blaLEN7	LEN-2	0.943	261	15	0	1	261	15	275	9.317e-169	518
blaLEN7	LEN-17	0.945	261	14	0	1	261	15	275	2.6399999999999997e-169	520
blaLEN7	LEN-7	0.946	261	14	0	1	261	15	275	1.9259999999999997e-169	520
blaLEN8	LEN-8	0.951	261	13	0	1	261	15	275	1.547e-170	524
blaLEN8	LEN-9	0.941	261	15	0	1	261	15	275	2.399e-168	517
blaLEN8	LEN-51	0.94	261	16	0	1	261	15	275	4.507e-168	516
blaLEN9	LEN-1	0.946	261	14	0	1	261	15	275	1.9259999999999997e-169	520
blaLEN9	LEN-51	0.947	261	14	0	1	261	15	275	1.4049999999999998e-169	521
blaLEN9	LEN-9	0.948	261	14	0	1	261	15	275	7.481e-170	522
blaMAL-1	AER-1	0.532	281	131	0	17	297	24	303	8.837e-87	284
blaMAL-1	CKO-1	0.932	300	20	0	1	300	1	300	6.412e-192	587
blaMAL-1	HERA-6	0.496	281	140	0	17	294	7	287	2.4940000000000003e-78	259
blaMOR-2	DHA-10	0.95	379	19	0	1	379	1	379	1.9429999999999997e-249	758
blaMOR-2	DHA-20	0.954	379	17	0	1	379	1	379	8.318e-251	762
blaMOR-2	DHA-21	0.952	379	18	0	1	379	1	379	4.0200000000000003e-250	760
blaOKP-B-14	OKP-B-2	0.922	270	21	0	1	270	11	280	4.434e-170	523
blaOKP-B-14	OKP-B-6	0.924	270	20	0	1	270	11	280	1.257e-170	524
blaOKP-B-14	OKP-B-7	0.921	270	21	0	1	270	11	280	8.329e-170	522
blaOXA-102	OXA-812	0.95	273	14	0	1	273	1	273	2.274e-178	547
blaOXA-102	OXA-103	0.955	273	12	0	1	273	1	273	1.826e-179	550
blaOXA-102	OXA-133	0.962	273	10	0	1	273	1	273	4.1549999999999997e-181	555
blaOXA-114b	OXA-455	0.877	274	34	0	1	274	1	274	1.3820000000000002e-162	501
blaOXA-114b	OXA-459	0.885	274	31	0	1	274	1	274	2.296e-164	507
blaOXA-114b	OXA-114a	0.979	275	6	0	1	275	1	275	2.864e-186	570
blaOXA-114c	OXA-457	0.868	274	36	0	1	274	1	274	1.562e-160	496
blaOXA-114c	OXA-459	0.878	274	33	0	1	274	1	274	1.0080000000000001e-162	502
blaOXA-114c	OXA-114a	0.969	275	8	0	1	275	1	275	6.088000000000001e-184	563
blaOXA-114d	OXA-114a	0.975	275	7	0	1	275	1	275	1.899e-185	567
blaOXA-114d	OXA-455	0.874	274	34	0	1	274	1	274	9.155000000000002e-162	499
blaOXA-114d	OXA-459	0.882	274	32	0	1	274	1	274	1.5210000000000002e-163	504
blaOXA-114e	OXA-459	0.886	274	31	0	1	274	1	274	1.675e-164	507
blaOXA-114e	OXA-457	0.876	274	34	0	1	274	1	274	2.595e-162	501
blaOXA-114e	OXA-114a	0.973	275	7	0	1	275	1	275	6.7e-185	566
blaOXA-114f	OXA-459	0.889	274	30	0	1	274	1	274	3.464e-165	509
blaOXA-114f	OXA-114a	0.98	275	5	0	1	275	1	275	2.089e-186	570
blaOXA-114f	OXA-457	0.879	274	33	0	1	274	1	274	5.367e-163	503
blaOXA-114g	OXA-459	0.886	274	31	0	1	274	1	274	1.2219999999999999e-164	507
blaOXA-114g	OXA-457	0.873	274	35	0	1	274	1	274	1.255e-161	499
blaOXA-114g	OXA-114a	0.972	275	8	0	1	275	1	275	1.2590000000000002e-184	565
blaOXA-116	OXA-91	0.986	185	3	0	1	185	84	268	1.034e-124	387
blaOXA-116	OXA-431	0.986	185	3	0	1	185	84	268	1.034e-124	387
blaOXA-116	OXA-116	0.986	185	3	0	1	185	78	262	1.034e-124	387
blaOXA-13	OXA-13	0.94	266	16	0	1	266	1	266	1.571e-171	527
blaOXA-13	OXA-19	0.943	266	15	0	1	266	1	266	4.452e-172	528
blaOXA-13	OXA-183	0.94	266	16	0	1	266	1	266	2.153e-171	526
blaOXA-159	OXA-156	0.893	283	30	0	1	283	1	283	9.867000000000001e-172	528
blaOXA-159	OXA-155	0.779	292	62	0	1	283	1	292	3.031e-150	466
blaOXA-159	OXA-158	0.97	283	8	0	1	283	1	283	8.4e-190	580
blaOXA-16	OXA-142	0.959	168	7	0	1	168	99	266	3.6130000000000004e-109	341
blaOXA-16	OXA-14	0.959	168	7	0	1	168	99	266	3.6130000000000004e-109	341
blaOXA-16	OXA-16	0.964	168	6	0	1	168	90	257	7.457e-110	343
blaOXA-193	OXA-451	0.95	257	13	0	1	257	1	257	1.318e-167	515
blaOXA-193	OXA-452	0.949	257	13	0	1	257	1	257	2.475e-167	514
blaOXA-193	OXA-450	0.95	257	13	0	1	257	1	257	1.318e-167	515
blaOXA-289	OXA-279	0.91	265	24	0	1	265	15	279	3.7049999999999995e-164	505
blaOXA-289	OXA-306	0.777	259	58	0	4	262	18	276	7.438e-132	412
blaOXA-289	OXA-291	0.766	262	61	0	1	262	15	276	2.6230000000000003e-131	411
blaOXA-290	OXA-279	0.912	265	23	0	1	265	15	279	1.05e-164	507
blaOXA-290	OXA-297	0.772	262	60	0	1	262	22	283	1.539e-132	414
blaOXA-290	OXA-298	0.772	262	60	0	1	262	22	283	2.109e-132	414
blaOXA-307	OXA-302	0.855	278	40	0	1	278	3	280	6.332000000000001e-160	494
blaOXA-307	OXA-287	0.835	278	46	0	1	278	1	278	2.8510000000000003e-155	481
blaOXA-307	OXA-672	0.833	278	46	0	1	278	3	280	7.338e-155	479
blaOXA-36	OXA-2	0.999	202	0	0	1	202	56	257	6.986e-139	429
blaOXA-36	OXA-15	0.999	202	0	0	1	202	56	257	6.986e-139	429
blaOXA-36	OXA-36	1.0	202	0	0	1	202	45	246	2.98e-140	433
blaOXA-396	OXA-50	0.975	262	7	0	1	262	1	262	2.1e-176	541
blaOXA-396	OXA-846	0.97	262	8	0	1	262	1	262	3.585e-175	537
blaOXA-396	OXA-850	0.98	262	5	0	1	262	1	262	1.686e-177	544
blaOXA-410	OXA-91	0.96	273	11	0	1	273	1	273	1.07e-180	554
blaOXA-410	OXA-431	0.958	273	11	0	1	273	1	273	3.7760000000000002e-180	552
blaOXA-410	OXA-98	0.957	273	12	0	1	273	1	273	5.175000000000001e-180	552
blaOXA-489	OXA-451	0.947	257	14	0	1	257	1	257	6.3739999999999995e-167	513
blaOXA-489	OXA-450	0.947	257	14	0	1	257	1	257	6.3739999999999995e-167	513
blaOXA-489	OXA-452	0.945	257	14	0	1	257	1	257	1.197e-166	512
blaOXA-490	OXA-163	0.462	226	121	0	28	252	35	260	1.044e-55	192
blaOXA-490	OXA-464	0.952	253	12	0	1	253	1	253	2.3210000000000003e-165	508
blaOXA-490	OXA-119	0.448	225	121	0	28	248	35	259	1.029e-52	183
blaOXA-491	OXA-163	0.468	226	119	0	28	252	35	260	8.505000000000001e-57	195
blaOXA-491	OXA-405	0.467	226	119	0	28	252	35	260	1.592e-56	194
blaOXA-491	OXA-464	0.951	253	12	0	1	253	1	253	4.360000000000001e-165	507
blaOXA-493	OXA-465	0.626	245	91	0	1	245	1	244	3.7209999999999996e-94	302
blaOXA-493	OXA-185	0.619	245	93	0	1	245	1	244	8.669e-93	299
blaOXA-493	OXA-184	0.621	245	92	0	1	245	1	244	4.619e-93	299
blaOXA-497	OXA-424	0.956	274	12	0	1	274	1	274	2.888e-180	552
blaOXA-497	OXA-104	0.959	274	11	0	1	274	1	274	5.97e-181	554
blaOXA-497	OXA-91	0.959	274	11	0	1	274	1	274	5.97e-181	554
blaOXA-500	OXA-421	0.948	273	14	0	1	273	1	273	5.855e-178	546
blaOXA-500	OXA-417	0.953	273	13	0	1	273	1	273	6.444e-179	548
blaOXA-500	OXA-272	0.936	273	17	0	1	273	1	273	4.391e-175	537
blaOXA-501	OXA-417	0.95	273	14	0	1	273	1	273	2.274e-178	547
blaOXA-501	OXA-421	0.946	273	15	0	1	273	1	273	2.066e-177	544
blaOXA-501	OXA-273	0.942	273	16	0	1	273	1	273	1.37e-176	542
blaOXA-502	OXA-417	0.96	273	11	0	1	273	1	273	1.07e-180	554
blaOXA-502	OXA-421	0.94	273	16	0	1	273	1	273	3.526e-176	541
blaOXA-502	OXA-272	0.942	273	16	0	1	273	1	273	1.37e-176	542
blaOXA-503	OXA-417	0.959	273	11	0	1	273	1	273	2.01e-180	553
blaOXA-503	OXA-272	0.936	273	17	0	1	273	1	273	3.203e-175	538
blaOXA-503	OXA-421	0.934	273	18	0	1	273	1	273	8.248e-175	537
blaOXA-505	OXA-370	0.976	265	6	0	1	265	1	265	1.1380000000000001e-178	547
blaOXA-505	OXA-162	0.975	265	7	0	1	265	1	265	1.56e-178	547
blaOXA-505	OXA-48	0.979	265	6	0	1	265	1	265	3.224e-179	549
blaOXA-506	OXA-272	0.94	273	16	0	1	273	1	273	4.833e-176	540
blaOXA-506	OXA-417	0.963	273	10	0	1	273	1	273	3.032e-181	555
blaOXA-506	OXA-421	0.938	273	17	0	1	273	1	273	1.2439999999999999e-175	539
blaOXA-507	OXA-69	0.96	274	11	0	1	274	1	274	3.1779999999999997e-181	555
blaOXA-507	OXA-107	0.958	274	11	0	1	274	1	274	8.183e-181	554
blaOXA-507	OXA-110	0.959	274	11	0	1	274	1	274	5.97e-181	554
blaOXA-508	OXA-138	0.962	274	10	0	1	274	1	274	1.234e-181	556
blaOXA-508	OXA-66	0.96	274	11	0	1	274	1	274	2.319e-181	556
blaOXA-508	OXA-480	0.958	274	11	0	1	274	1	274	8.183e-181	554
blaOXA-509	OXA-312	0.959	274	11	0	1	274	1	274	4.356e-181	555
blaOXA-509	OXA-313	0.961	274	11	0	1	274	1	274	1.692e-181	556
blaOXA-509	OXA-71	0.96	274	11	0	1	274	1	274	2.319e-181	556
blaOXA-510	OXA-338	0.965	274	10	0	1	274	1	274	2.552e-182	558
blaOXA-510	OXA-64	0.962	274	10	0	1	274	1	274	9.006e-182	557
blaOXA-510	OXA-71	0.962	274	10	0	1	274	1	274	9.006e-182	557
blaOXA-511	OXA-90	0.959	274	11	0	1	274	1	274	4.356e-181	555
blaOXA-511	OXA-314	0.956	274	12	0	1	274	1	274	2.888e-180	552
blaOXA-511	OXA-95	0.957	274	12	0	1	274	1	274	1.537e-180	553
blaOXA-512	OXA-96	0.947	280	15	0	1	280	1	280	2.469e-182	559
blaOXA-512	OXA-58	0.949	280	14	0	1	280	1	280	9.592e-183	560
blaOXA-512	OXA-397	0.946	280	15	0	1	280	1	280	4.6390000000000004e-182	558
blaOXA-513	OXA-243	0.914	275	24	0	1	275	1	275	1.748e-171	527
blaOXA-513	OXA-364	0.957	267	11	0	9	275	9	275	9.972e-176	539
blaOXA-513	OXA-455	0.974	275	7	0	1	275	1	275	3.567e-185	567
blaOXA-514	OXA-162	0.974	265	7	0	1	265	1	265	4.0160000000000003e-178	546
blaOXA-514	OXA-48	0.977	265	6	0	1	265	1	265	8.302e-179	548
blaOXA-514	OXA-416	0.977	265	6	0	1	265	1	265	6.0569999999999995e-179	548
blaOXA-515	OXA-252	0.976	265	6	0	1	265	1	265	1.1380000000000001e-178	547
blaOXA-515	OXA-162	0.97	265	8	0	1	265	1	265	1.943e-177	544
blaOXA-515	OXA-48	0.974	265	7	0	1	265	1	265	4.0160000000000003e-178	546
blaOXA-516	OXA-429	0.946	274	15	0	1	274	1	274	4.4770000000000004e-178	546
blaOXA-516	OXA-98	0.951	274	13	0	1	274	1	274	3.596e-179	549
blaOXA-516	OXA-91	0.948	274	14	0	1	274	1	274	1.7390000000000003e-178	547
blaOXA-517	OXA-438	0.966	263	9	0	1	263	1	263	5.152e-175	537
blaOXA-517	OXA-48	0.965	265	9	0	1	263	1	265	2.202e-176	541
blaOXA-517	OXA-163	0.964	263	9	0	1	263	1	261	1.327e-174	535
blaOXA-518	OXA-185	0.614	245	94	0	1	245	1	244	7.853e-92	296
blaOXA-518	OXA-184	0.616	245	93	0	1	245	1	244	4.184e-92	297
blaOXA-518	OXA-465	0.621	245	92	0	1	245	1	244	3.3709999999999997e-93	300
blaOXA-519	OXA-162	0.975	265	7	0	1	265	1	265	1.56e-178	547
blaOXA-519	OXA-245	0.974	265	7	0	1	265	1	265	2.93e-178	546
blaOXA-519	OXA-48	0.979	265	6	0	1	265	1	265	3.224e-179	549
blaOXA-520	OXA-10	0.948	266	14	0	1	266	1	266	2.608e-173	532
blaOXA-520	OXA-256	0.945	266	15	0	1	266	1	266	1.2620000000000001e-172	530
blaOXA-520	OXA-240	0.945	266	15	0	1	266	1	266	1.2620000000000001e-172	530
blaOXA-521	OXA-95	0.954	274	13	0	1	274	1	274	7.434000000000001e-180	551
blaOXA-521	OXA-259	0.954	274	13	0	1	274	1	274	7.434000000000001e-180	551
blaOXA-521	OXA-90	0.956	274	12	0	1	274	1	274	2.1070000000000003e-180	553
blaOXA-522	OXA-272	0.938	273	17	0	1	273	1	273	1.2439999999999999e-175	539
blaOXA-522	OXA-417	0.961	273	11	0	1	273	1	273	7.806e-181	554
blaOXA-522	OXA-421	0.936	273	17	0	1	273	1	273	3.203e-175	538
blaOXA-523	OXA-71	0.965	274	10	0	1	274	1	274	2.552e-182	558
blaOXA-523	OXA-338	0.962	274	10	0	1	274	1	274	1.234e-181	556
blaOXA-523	OXA-312	0.965	274	10	0	1	274	1	274	2.552e-182	558
blaOXA-524	OXA-312	0.962	274	10	0	1	274	1	274	1.234e-181	556
blaOXA-524	OXA-113	0.961	274	11	0	1	274	1	274	1.692e-181	556
blaOXA-524	OXA-71	0.963	274	10	0	1	274	1	274	6.571e-182	557
blaOXA-525	OXA-206	0.959	274	11	0	1	274	1	274	5.97e-181	554
blaOXA-525	OXA-201	0.954	274	13	0	1	274	1	274	5.4240000000000005e-180	552
blaOXA-525	OXA-254	0.957	274	12	0	1	274	1	274	1.537e-180	553
blaOXA-526	OXA-421	0.931	273	19	0	1	273	1	273	3.989e-174	535
blaOXA-526	OXA-272	0.928	273	20	0	1	273	1	273	1.929e-173	533
blaOXA-526	OXA-417	0.946	273	15	0	1	273	1	273	1.507e-177	544
blaOXA-527	OXA-130	0.892	274	29	0	1	274	1	274	6.838e-166	511
blaOXA-527	OXA-90	0.891	274	30	0	1	274	1	274	9.371000000000001e-166	511
blaOXA-527	OXA-100	0.89	274	30	0	1	274	1	274	1.76e-165	510
blaOXA-528	OXA-339	0.961	274	11	0	1	274	1	274	1.692e-181	556
blaOXA-528	OXA-432	0.964	274	10	0	1	274	1	274	3.498e-182	558
blaOXA-528	OXA-208	0.966	274	9	0	1	274	1	274	1.359e-182	559
blaOXA-529	OXA-67	0.957	274	12	0	1	274	1	274	1.537e-180	553
blaOXA-529	OXA-259	0.954	274	13	0	1	274	1	274	5.4240000000000005e-180	552
blaOXA-529	OXA-100	0.961	274	11	0	1	274	1	274	1.692e-181	556
blaOXA-530	OXA-132	0.962	274	10	0	1	274	1	274	1.234e-181	556
blaOXA-530	OXA-51	0.963	274	10	0	1	274	1	274	4.794e-182	557
blaOXA-530	OXA-219	0.962	274	10	0	1	274	1	274	1.234e-181	556
blaOXA-531	OXA-344	0.959	274	11	0	1	274	1	274	4.356e-181	555
blaOXA-531	OXA-380	0.957	274	12	0	1	274	1	274	1.537e-180	553
blaOXA-531	OXA-338	0.956	274	12	0	1	274	1	274	2.1070000000000003e-180	553
blaOXA-532	OXA-91	0.962	274	10	0	1	274	1	274	1.234e-181	556
blaOXA-532	OXA-104	0.962	274	10	0	1	274	1	274	1.234e-181	556
blaOXA-532	OXA-424	0.959	274	11	0	1	274	1	274	5.97e-181	554
blaOXA-533	OXA-417	0.951	273	13	0	1	273	1	273	1.6590000000000001e-178	547
blaOXA-533	OXA-272	0.944	273	15	0	1	273	1	273	5.319e-177	543
blaOXA-533	OXA-421	0.942	273	16	0	1	273	1	273	1.877e-176	541
blaOXA-534	OXA-320	0.946	276	15	0	1	276	1	276	1.5339999999999999e-179	550
blaOXA-534	OXA-4	0.947	276	15	0	1	276	1	276	1.1189999999999999e-179	551
blaOXA-534	OXA-1	0.952	276	13	0	1	276	1	276	8.99e-181	554
blaOXA-536	OXA-202	0.957	274	12	0	1	274	1	274	1.537e-180	553
blaOXA-536	OXA-66	0.959	274	11	0	1	274	1	274	5.97e-181	554
blaOXA-536	OXA-82	0.957	274	12	0	1	274	1	274	1.537e-180	553
blaOXA-537	OXA-236	0.912	276	24	0	1	276	1	276	9.753000000000001e-172	528
blaOXA-537	OXA-237	0.918	276	23	0	1	276	1	276	5.716e-173	531
blaOXA-537	OXA-235	0.916	276	23	0	1	276	1	276	1.074e-172	531
blaOXA-538	OXA-416	0.97	265	8	0	1	265	1	265	1.943e-177	544
blaOXA-538	OXA-48	0.972	265	7	0	1	265	1	265	1.034e-177	544
blaOXA-538	OXA-162	0.973	265	7	0	1	265	1	265	5.505e-178	545
blaOXA-545	OXA-90	0.962	274	10	0	1	274	1	274	9.006e-182	557
blaOXA-545	OXA-259	0.96	274	11	0	1	274	1	274	3.1779999999999997e-181	555
blaOXA-545	OXA-314	0.959	274	11	0	1	274	1	274	5.97e-181	554
blaOXA-546	OXA-162	0.97	265	8	0	1	265	1	265	1.943e-177	544
blaOXA-546	OXA-48	0.974	265	7	0	1	265	1	265	4.0160000000000003e-178	546
blaOXA-546	OXA-252	0.976	265	6	0	1	265	1	265	1.1380000000000001e-178	547
blaOXA-547	OXA-48	0.972	265	7	0	1	265	1	265	7.545e-178	545
blaOXA-547	OXA-370	0.97	265	8	0	1	265	1	265	2.663e-177	543
blaOXA-547	OXA-162	0.969	265	8	0	1	265	1	265	3.65e-177	543
blaOXA-548	OXA-252	0.75	290	66	0	1	290	1	265	6.752e-142	443
blaOXA-548	OXA-162	0.747	290	67	0	1	290	1	265	2.3799999999999998e-141	441
blaOXA-548	OXA-416	0.748	290	67	0	1	290	1	265	1.7369999999999998e-141	441
blaOXA-549	OXA-162	0.747	290	67	0	1	290	1	265	3.262e-141	441
blaOXA-549	OXA-416	0.747	290	67	0	1	290	1	265	2.3799999999999998e-141	441
blaOXA-549	OXA-252	0.749	290	66	0	1	290	1	265	9.252e-142	442
blaOXA-550	OXA-162	0.74	290	69	0	1	290	1	265	1.0429999999999999e-139	436
blaOXA-550	OXA-252	0.743	290	68	0	1	290	1	265	2.958e-140	438
blaOXA-550	OXA-416	0.741	290	68	0	1	290	1	265	7.61e-140	437
blaOXA-551	OXA-48	0.802	262	48	0	34	295	24	265	2.224e-138	433
blaOXA-551	OXA-162	0.802	262	48	0	34	295	24	265	2.224e-138	433
blaOXA-551	OXA-416	0.803	262	47	0	34	295	24	265	1.623e-138	433
blaOXA-552	OXA-162	0.745	290	67	0	1	290	1	265	8.391e-141	439
blaOXA-552	OXA-416	0.746	290	67	0	1	290	1	265	6.124e-141	440
blaOXA-552	OXA-252	0.747	290	67	0	1	290	1	265	2.3799999999999998e-141	441
blaOXA-553	OXA-252	0.735	295	70	0	1	295	1	265	5.602e-141	440
blaOXA-553	OXA-416	0.734	295	70	0	1	295	1	265	1.441e-140	439
blaOXA-553	OXA-162	0.733	295	70	0	1	295	1	265	1.974e-140	439
blaOXA-554	OXA-432	0.963	274	10	0	1	274	1	274	4.794e-182	557
blaOXA-554	OXA-208	0.965	274	10	0	1	274	1	274	1.862e-182	559
blaOXA-554	OXA-390	0.962	274	10	0	1	274	1	274	1.234e-181	556
blaOXA-555	OXA-338	0.963	274	10	0	1	274	1	274	4.794e-182	557
blaOXA-555	OXA-122	0.963	274	10	0	1	274	1	274	6.571e-182	557
blaOXA-555	OXA-51	0.963	274	10	0	1	274	1	274	4.794e-182	557
blaOXA-556	OXA-71	0.96	274	11	0	1	274	1	274	2.319e-181	556
blaOXA-556	OXA-338	0.963	274	10	0	1	274	1	274	6.571e-182	557
blaOXA-556	OXA-64	0.96	274	11	0	1	274	1	274	2.319e-181	556
blaOXA-557	OXA-94	0.962	274	10	0	1	274	1	274	9.006e-182	557
blaOXA-557	OXA-315	0.962	274	10	0	1	274	1	274	1.234e-181	556
blaOXA-557	OXA-316	0.96	274	11	0	1	274	1	274	3.1779999999999997e-181	555
blaOXA-558	OXA-71	0.966	274	9	0	1	274	1	274	9.912e-183	559
blaOXA-558	OXA-312	0.965	274	10	0	1	274	1	274	1.862e-182	559
blaOXA-558	OXA-338	0.963	274	10	0	1	274	1	274	4.794e-182	557
blaOXA-559	OXA-338	0.963	274	10	0	1	274	1	274	6.571e-182	557
blaOXA-559	OXA-64	0.96	274	11	0	1	274	1	274	2.319e-181	556
blaOXA-559	OXA-71	0.96	274	11	0	1	274	1	274	2.319e-181	556
blaOXA-560	OXA-432	0.963	274	10	0	1	274	1	274	4.794e-182	557
blaOXA-560	OXA-208	0.965	274	10	0	1	274	1	274	1.862e-182	559
blaOXA-560	OXA-337	0.966	274	9	0	1	274	1	274	9.912e-183	559
blaOXA-561	OXA-407	0.966	274	9	0	1	274	1	274	1.359e-182	559
blaOXA-561	OXA-51	0.953	274	13	0	1	274	1	274	1.0189999999999999e-179	551
blaOXA-561	OXA-122	0.953	274	13	0	1	274	1	274	1.3969999999999999e-179	550
blaOXA-562	OXA-317	0.953	274	13	0	1	274	1	274	1.3969999999999999e-179	550
blaOXA-562	OXA-91	0.951	274	13	0	1	274	1	274	3.596e-179	549
blaOXA-562	OXA-424	0.95	274	14	0	1	274	1	274	4.928e-179	549
blaOXA-563	OXA-273	0.949	273	14	0	1	273	1	273	4.2720000000000004e-178	546
blaOXA-563	OXA-421	0.944	273	15	0	1	273	1	273	5.319e-177	543
blaOXA-563	OXA-272	0.944	273	15	0	1	273	1	273	5.319e-177	543
blaOXA-564	OXA-421	0.937	273	17	0	1	273	1	273	2.3369999999999998e-175	538
blaOXA-564	OXA-272	0.939	273	17	0	1	273	1	273	9.078e-176	539
blaOXA-564	OXA-417	0.957	273	12	0	1	273	1	273	7.093e-180	551
blaOXA-566	OXA-162	0.972	265	7	0	1	265	1	265	7.545e-178	545
blaOXA-566	OXA-370	0.973	265	7	0	1	265	1	265	5.505e-178	545
blaOXA-566	OXA-48	0.975	265	7	0	1	265	1	265	1.56e-178	547
blaOXA-60b	OXA-571	0.918	271	22	0	1	271	1	271	6.3689999999999996e-170	522
blaOXA-60b	OXA-444	0.909	269	24	0	1	269	1	269	1.685e-166	512
blaOXA-60b	OXA-60	0.953	271	13	0	1	271	1	271	1.001e-177	545
blaOXA-60c	OXA-571	0.927	271	20	0	1	271	1	271	7.717000000000001e-172	528
blaOXA-60c	OXA-60	0.918	271	22	0	1	271	1	271	8.729e-170	522
blaOXA-60c	OXA-444	0.919	269	22	0	1	269	1	269	1.087e-168	519
blaOXA-60d	OXA-60	0.909	271	25	0	1	271	1	271	7.204000000000001e-168	516
blaOXA-60d	OXA-571	0.917	271	22	0	1	271	1	271	1.1959999999999998e-169	522
blaOXA-60d	OXA-444	0.909	269	24	0	1	269	1	269	1.685e-166	512
blaOXA-SHE	OXA-55	0.935	289	19	0	1	289	1	289	1.425e-185	569
blaOXA-SHE	OXA-54	0.605	261	103	0	29	289	5	265	1.0330000000000001e-95	309
blaOXA-SHE	OXA-436	0.601	261	104	0	29	289	5	265	9.329e-95	306
blaOXY-1-5	OXY-1-3	0.933	290	19	0	1	290	1	290	1.089e-185	569
blaOXY-1-5	OXY-1-2	0.935	290	19	0	1	290	1	290	3.087e-186	571
blaOXY-1-5	OXY-1-1	0.93	290	20	0	1	290	1	290	7.219e-185	567
blaPAM-1	L1	0.629	265	98	0	19	283	26	290	1.406e-102	329
blaPAM-1	BJP-1	0.376	257	156	0	33	283	31	287	6.028e-46	165
blaPAM-1	AIM-1	0.404	257	148	0	36	284	37	293	9.138e-52	182
blaPAU-1	CARB-10	0.45	245	134	0	42	285	40	284	6.555e-58	200
blaPAU-1	CARB-16	0.452	245	133	0	42	285	40	284	2.567e-58	201
blaPAU-1	CARB-5	0.452	245	133	0	42	285	40	284	2.567e-58	201
blaPLA-3A	OKP-B-5	0.719	284	80	0	1	284	1	284	1.2810000000000002e-131	413
blaPLA-3A	TEM-166	0.722	284	79	0	1	284	3	286	3.636e-132	415
blaPLA-3A	TEM-57	0.721	284	79	0	1	284	3	286	4.982e-132	414
blaPLA-4A	TEM-57	0.718	284	80	0	1	284	3	286	2.4050000000000004e-131	412
blaPLA-4A	OKP-B-19	0.718	284	80	0	1	284	1	284	2.4050000000000004e-131	412
blaPLA-4A	TEM-166	0.719	284	80	0	1	284	3	286	1.7560000000000001e-131	413
blaPLA-5A	OKP-B-5	0.724	284	78	0	1	284	1	284	1.032e-132	416
blaPLA-5A	OKP-B-19	0.723	284	78	0	1	284	1	284	1.414e-132	416
blaPLA-5A	TEM-57	0.723	284	78	0	1	284	3	286	1.414e-132	416
blaPLA-6A	TEM-166	0.726	284	78	0	1	284	3	286	2.9269999999999997e-133	418
blaPLA-6A	OKP-B-19	0.725	284	78	0	1	284	1	284	5.4959999999999995e-133	417
blaPLA-6A	TEM-57	0.726	284	78	0	1	284	3	286	4.011e-133	417
blaPLA1a	OKP-B-19	0.724	284	78	0	1	284	1	284	1.032e-132	416
blaPLA1a	TEM-57	0.725	284	78	0	1	284	3	286	5.4959999999999995e-133	417
blaPLA1a	TEM-166	0.726	284	78	0	1	284	3	286	4.011e-133	417
blaPLA2a	OKP-B-4	0.721	284	79	0	1	284	1	284	4.982e-132	414
blaPLA2a	OKP-B-5	0.722	284	79	0	1	284	1	284	2.654e-132	415
blaPLA2a	OKP-B-19	0.722	284	79	0	1	284	1	284	3.636e-132	415
blaPME-1	EXO	0.393	261	155	0	42	302	53	308	4.396e-50	178
blaPME-1	LRA-1	0.415	269	152	0	9	277	8	267	1.0360000000000001e-56	197
blaPME-1	CTX-M-151	0.429	237	131	0	42	278	45	274	1.435e-51	182
blaRAHN-1	FONA-1	0.757	294	71	0	1	294	1	294	1.251e-145	454
blaRAHN-1	FONA-6	0.758	294	71	0	1	294	1	294	6.665e-146	454
blaRAHN-1	FONA-5	0.757	294	71	0	1	294	1	294	1.251e-145	454
blaRAHN-2	FONA-6	0.751	294	73	0	1	294	1	294	2.92e-144	450
blaRAHN-2	FONA-5	0.75	294	73	0	1	294	1	294	5.482e-144	449
blaRAHN-2	FONA-1	0.75	294	73	0	1	294	1	294	5.482e-144	449
blaSFC-1	BIC-1	0.711	294	84	0	1	294	1	293	2.8029999999999997e-134	422
blaSFC-1	SME-2	0.661	284	96	0	12	295	11	294	9.669999999999999e-118	374
blaSFC-1	SME-4	0.657	284	97	0	12	295	11	294	8.746e-117	371
blaSFO-1	FONA-6	0.916	295	25	0	1	295	1	295	6.655e-185	567
blaSFO-1	FONA-4	0.912	295	26	0	1	295	1	295	6.044e-184	564
blaSFO-1	FONA-3	0.915	295	25	0	1	295	1	295	1.713e-184	566
blaSGM-1	RSA-1	0.46	255	136	0	60	312	30	284	2.37e-62	214
blaSGM-1	BEL-1	0.451	254	138	0	61	312	28	281	3.4889999999999996e-60	208
blaSGM-1	BEL-2	0.448	254	139	0	61	312	28	281	1.2149999999999999e-59	206
blaSGM-2	BEL-2	0.446	254	139	0	49	300	28	281	2.019e-59	205
blaSGM-2	BEL-3	0.443	254	140	0	49	300	28	281	7.038e-59	203
blaSGM-2	BEL-1	0.449	254	138	0	49	300	28	281	5.793e-60	207
blaSGM-4	BEL-3	0.438	254	141	0	49	300	28	281	1.167e-57	200
blaSGM-4	BEL-1	0.443	254	140	0	49	300	28	281	9.616e-59	203
blaSGM-4	BEL-2	0.44	254	141	0	49	300	28	281	3.35e-58	201
blaSGM-5	BEL-2	0.44	254	141	0	66	317	28	281	8.314e-58	201
blaSGM-5	RSA-1	0.465	255	135	0	65	317	30	284	2.3350000000000002e-63	217
blaSGM-5	BEL-1	0.442	254	140	0	66	317	28	281	2.392e-58	203
blaSGM-6	RSA-1	0.475	255	132	0	65	317	30	284	2.162e-65	223
blaSGM-6	BEL-1	0.452	254	138	0	66	317	28	281	2.231e-60	209
blaSGM-6	BEL-2	0.449	254	138	0	66	317	28	281	7.764e-60	207
blaSGM-7	BEL-2	0.442	254	140	0	66	317	28	281	2.392e-58	203
blaSGM-7	RSA-1	0.47	255	134	0	65	317	30	284	1.923e-64	220
blaSGM-7	BEL-1	0.445	254	139	0	66	317	28	281	6.8779999999999995e-59	204
blaSHV-12	SHV-66	0.936	286	18	0	1	286	1	286	1.021e-183	563
blaSHV-12	SHV-64	0.936	286	18	0	1	286	1	286	1.021e-183	563
blaSHV-12	SHV-13	0.933	286	19	0	1	286	1	286	3.6030000000000002e-183	561
blaSHV-132	SHV-1	0.935	286	19	0	1	286	1	286	1.918e-183	562
blaSHV-132	SHV-103	0.933	286	19	0	1	286	1	286	4.938e-183	561
blaSHV-132	SHV-120	0.932	286	19	0	1	286	1	286	6.767e-183	561
blaSHV-187	SHV-28	0.937	281	18	0	1	281	6	286	8.296e-181	554
blaSHV-187	SHV-1	0.937	281	18	0	1	281	6	286	8.296e-181	554
blaSHV-187	SHV-103	0.936	281	18	0	1	281	6	286	2.136e-180	553
blaSHV-190	SHV-70	0.933	286	19	0	1	286	1	286	3.6030000000000002e-183	561
blaSHV-190	SHV-225	0.933	286	19	0	1	286	1	286	4.938e-183	561
blaSHV-190	SHV-36	0.935	286	19	0	1	286	1	286	1.918e-183	562
blaSHV-191	SHV-223	0.929	286	20	0	1	286	1	286	3.272e-182	559
blaSHV-191	SHV-110	0.929	286	20	0	1	286	1	286	3.272e-182	559
blaSHV-191	SHV-27	0.933	286	19	0	1	286	1	286	4.938e-183	561
blaSPU-1	CGA-1	0.538	285	129	0	9	289	6	290	1.695e-89	291
blaSPU-1	CIA-1	0.52	290	138	0	1	289	1	290	4.843e-87	284
blaSPU-1	TLA-2	0.507	297	141	0	3	289	4	300	2.329e-86	282
blaSST-1	SRT-1	0.943	378	21	0	1	378	1	378	1.3860000000000002e-246	750
blaSST-1	PAC-1	0.647	376	131	0	5	377	6	381	1.344e-153	481
blaSST-1	SRT-2	0.942	378	22	0	1	378	1	378	3.567e-246	749
blaTEM-97	TEM-34	0.945	286	16	0	1	286	1	286	6.588e-186	569
blaTEM-97	TEM-163	0.945	286	16	0	1	286	1	286	6.588e-186	569
blaTEM-97	TEM-82	0.943	286	16	0	1	286	1	286	2.325e-185	568
blaTEM-98	TEM-1	0.946	286	15	0	1	286	1	286	4.807e-186	570
blaTEM-98	TEM-108	0.945	286	16	0	1	286	1	286	6.588e-186	569
blaTEM-98	TEM-163	0.947	286	15	0	1	286	1	286	1.867e-186	571
blaTEM-99	TEM-30	0.945	286	16	0	1	286	1	286	6.588e-186	569
blaTEM-99	TEM-73	0.943	286	16	0	1	286	1	286	1.696e-185	568
blaTEM-99	TEM-79	0.943	286	16	0	1	286	1	286	2.325e-185	568
blaTER-1	TEM-230	0.702	283	84	0	2	284	4	286	3.0539999999999997e-127	400
blaTER-1	TEM-148	0.701	283	84	0	2	284	4	286	4.185e-127	400
blaTER-1	TEM-57	0.702	283	84	0	2	284	4	286	3.0539999999999997e-127	400
blaTER-2	TEM-148	0.714	283	81	0	2	284	4	286	4.099e-130	408
blaTER-2	TEM-57	0.715	283	80	0	2	284	4	286	2.992e-130	409
blaTER-2	TEM-230	0.715	283	80	0	2	284	4	286	2.992e-130	409
blaVHH-1	CARB-18	0.825	280	49	0	1	280	1	280	4.4660000000000004e-154	477
blaVHH-1	CARB-19	0.823	280	49	0	1	280	1	280	8.387000000000001e-154	477
blaVHH-1	CARB-20	0.823	280	49	0	1	280	1	280	1.149e-153	476
blaVHW-1	CARB-19	0.818	279	50	0	1	279	1	278	9.522e-152	471
blaVHW-1	CARB-20	0.817	279	51	0	1	279	1	278	1.305e-151	471
blaVHW-1	CARB-18	0.819	279	50	0	1	279	1	278	5.071e-152	472
blaVIM-40	VIM-4	0.958	266	11	0	1	266	1	266	1.682e-175	538
blaVIM-40	VIM-43	0.956	266	12	0	1	266	1	266	5.935e-175	537
blaVIM-40	VIM-37	0.957	266	11	0	1	266	1	266	4.33e-175	537
blaVIM-41	VIM-2	0.955	266	12	0	1	266	1	266	8.134e-175	536
blaVIM-41	VIM-10	0.953	266	12	0	1	266	1	266	2.094e-174	535
blaVIM-41	VIM-15	0.953	266	12	0	1	266	1	266	2.87e-174	535
blaVIM-44	VIM-15	0.953	266	12	0	1	266	1	266	2.87e-174	535
blaVIM-44	VIM-10	0.953	266	12	0	1	266	1	266	2.094e-174	535
blaVIM-44	VIM-2	0.955	266	12	0	1	266	1	266	8.134e-175	536
blaVIM-45	VIM-15	0.951	266	13	0	1	266	1	266	7.391e-174	533
blaVIM-45	VIM-2	0.953	266	12	0	1	266	1	266	2.094e-174	535
blaVIM-45	VIM-10	0.952	266	13	0	1	266	1	266	5.392e-174	534
blaVIM-46	VIM-2	0.954	266	12	0	1	266	1	266	1.528e-174	535
blaVIM-46	VIM-10	0.952	266	13	0	1	266	1	266	3.934e-174	534
blaVIM-46	VIM-15	0.952	266	13	0	1	266	1	266	5.392e-174	534
blaVIM-47	VIM-28	0.907	266	25	0	1	266	1	266	3.883e-164	505
blaVIM-47	VIM-26	0.903	266	26	0	1	266	1	266	2.574e-163	503
blaVIM-47	VIM-13	0.958	266	11	0	1	266	1	266	1.682e-175	538
blaVIM-48	VIM-10	0.956	258	11	0	1	258	1	258	2.046e-169	521
blaVIM-48	VIM-2	0.958	258	11	0	1	258	1	258	7.948e-170	522
blaVIM-48	VIM-15	0.956	258	11	0	1	258	1	258	2.805e-169	520
blaVIM-49	VIM-38	0.95	266	13	0	1	266	1	266	1.013e-173	533
blaVIM-49	VIM-5	0.955	266	12	0	1	266	1	266	1.115e-174	536
blaVIM-49	VIM-28	0.944	266	15	0	1	266	1	266	2.37e-172	529
blaVIM-50	VIM-24	0.952	266	13	0	1	266	1	266	3.934e-174	534
blaVIM-50	VIM-11	0.95	266	13	0	1	266	1	266	1.013e-173	533
blaVIM-50	VIM-2	0.948	266	14	0	1	266	1	266	2.608e-173	532
blaVIM-51	VIM-15	0.954	266	12	0	1	266	1	266	1.528e-174	535
blaVIM-51	VIM-2	0.957	266	11	0	1	266	1	266	4.33e-175	537
blaVIM-51	VIM-10	0.955	266	12	0	1	266	1	266	1.115e-174	536
blaVIM-52	VIM-26	0.952	266	13	0	1	266	1	266	5.392e-174	534
blaVIM-52	VIM-1	0.953	266	12	0	1	266	1	266	2.87e-174	535
blaVIM-52	VIM-34	0.952	266	13	0	1	266	1	266	3.934e-174	534
blaVIM-54	VIM-43	0.952	266	13	0	1	266	1	266	5.392e-174	534
blaVIM-54	VIM-4	0.954	266	12	0	1	266	1	266	1.528e-174	535
blaVIM-54	VIM-37	0.952	266	13	0	1	266	1	266	3.934e-174	534
blaVIM-56	VIM-2	0.949	266	14	0	1	266	1	266	1.903e-173	532
blaVIM-56	VIM-15	0.947	266	14	0	1	266	1	266	6.716e-173	531
blaVIM-56	VIM-10	0.947	266	14	0	1	266	1	266	4.9e-173	531
blaVIM-57	VIM-34	0.955	266	12	0	1	266	1	266	8.134e-175	536
blaVIM-57	VIM-42	0.955	266	12	0	1	266	1	266	8.134e-175	536
blaVIM-57	VIM-1	0.956	266	12	0	1	266	1	266	5.935e-175	537
blaZEG-1	ACT-29	0.895	335	35	0	1	335	23	357	9.254e-205	627
blaZEG-1	ACT-4	0.896	335	35	0	1	335	23	357	3.596e-205	628
blaZEG-1	ACT-8	0.897	335	34	0	1	335	24	358	1.9150000000000001e-205	629
catT	catII	0.581	207	86	0	10	215	6	212	6.527e-71	234
catT	catIII	0.542	210	95	0	7	215	3	212	1.914e-65	218
catT	catII	0.568	207	89	0	10	215	6	212	1.004e-68	228
cepA-29	TLA-3	0.453	271	148	0	27	297	36	306	1.128e-65	223
cepA-29	cepA	0.963	300	11	0	1	300	1	300	1.011e-199	610
cepA-29	CblA-1	0.464	288	153	0	8	293	6	293	3.7279999999999995e-73	244
cepA-44	TLA-3	0.457	269	146	0	27	295	36	304	4.4119999999999995e-66	224
cepA-44	CblA-1	0.464	291	154	0	8	296	6	296	5.685e-74	247
cepA-44	cepA	0.964	300	11	0	1	300	1	300	5.38e-200	611
cepA-49	TLA-3	0.46	271	146	0	27	297	36	306	2.637e-67	228
cepA-49	cepA	0.97	300	9	0	1	300	1	300	2.301e-201	615
cepA-49	CblA-1	0.468	288	152	0	8	293	6	293	5.685e-74	247
cfiA1	MUS-2	0.448	223	122	0	25	247	21	242	3.093e-52	181
cfiA1	MUS-1	0.454	223	121	0	25	247	21	242	2.523e-53	184
cfiA1	CcrA	0.978	249	5	0	1	249	1	249	4.807e-168	516
cfiA10	CcrA	0.974	249	6	0	1	249	1	249	3.1879999999999998e-167	513
cfiA10	MUS-1	0.449	223	122	0	25	247	21	242	1.6529999999999999e-52	182
cfiA10	MUS-2	0.443	223	123	0	25	247	21	242	2.0259999999999998e-51	179
cfiA14	CcrA	0.981	249	5	0	1	249	1	249	1.3620000000000002e-168	517
cfiA14	MUS-1	0.453	223	121	0	25	247	21	242	3.4509999999999997e-53	184
cfiA14	MUS-2	0.447	223	122	0	25	247	21	242	4.231e-52	181
cfiA2	MUS-2	0.448	223	122	0	25	247	21	242	3.093e-52	181
cfiA2	MUS-1	0.454	223	121	0	25	247	21	242	2.523e-53	184
cfiA2	CcrA	0.978	249	5	0	1	249	1	249	4.807e-168	516
cfiA3	CcrA	0.978	249	5	0	1	249	1	249	4.807e-168	516
cfiA3	MUS-1	0.454	223	121	0	25	247	21	242	2.523e-53	184
cfiA3	MUS-2	0.448	223	122	0	25	247	21	242	3.093e-52	181
cfiA4	MUS-1	0.449	223	122	0	25	247	21	242	2.261e-52	182
cfiA4	MUS-2	0.443	223	123	0	25	247	21	242	2.771e-51	179
cfiA4	CcrA	0.975	249	6	0	1	249	1	249	2.326e-167	514
cfiA6	CcrA	0.978	249	5	0	1	249	1	249	4.807e-168	516
cfiA6	MUS-1	0.454	223	121	0	25	247	21	242	2.523e-53	184
cfiA6	MUS-2	0.448	223	122	0	25	247	21	242	3.093e-52	181
cfiA8	MUS-2	0.453	218	118	0	25	242	21	237	7.917e-52	180
cfiA8	CcrA	0.973	249	7	0	1	249	1	249	5.989e-167	512
cfiA8	MUS-1	0.459	218	117	0	25	242	21	237	6.458e-53	183
cfiA9	MUS-1	0.452	223	121	0	25	247	21	242	4.720999999999999e-53	184
cfiA9	MUS-2	0.446	223	122	0	25	247	21	242	5.788e-52	181
cfiA9	CcrA	0.974	249	6	0	1	249	1	249	3.1879999999999998e-167	513
cfr(C)	clbA	0.554	345	153	0	2	345	5	349	1.342e-113	366
cfr(C)	cfrA	0.58	343	143	0	2	343	7	349	2.811e-120	385
cfr(C)	cfrC	0.61	334	129	0	2	335	6	338	6.492e-125	398
cfxA2	CfxA4	0.941	321	19	0	1	321	1	321	4.7e-208	635
cfxA2	CfxA	0.943	321	18	0	1	321	1	321	9.722e-209	637
cfxA2	CfxA2	0.945	321	18	0	1	321	1	321	2.756e-209	639
cml	Salmonella	0.583	216	88	0	51	263	160	375	2.9459999999999996e-73	245
cml	cmlA6	0.583	216	88	0	51	263	189	404	2.9459999999999996e-73	245
cml	cmlA1	0.583	216	88	0	51	263	189	404	2.9459999999999996e-73	245
cphA1	cphA6	0.957	254	11	0	1	254	1	254	4.037e-167	513
cphA1	cphA7	0.953	254	12	0	1	254	1	254	2.677e-166	511
cphA1	CEPH-A3	0.949	254	13	0	1	254	1	254	1.775e-165	509
dfrA29	dfrA7	0.823	157	28	0	1	157	1	157	4.875e-84	268
dfrA29	dfrA32	0.81	157	30	0	1	157	1	157	2.1519999999999998e-82	263
dfrA29	dfrA17	0.82	157	28	0	1	157	1	157	1.257e-83	267
dfrA33	dfrA22	0.903	165	16	0	1	165	1	165	1.685e-99	313
dfrA33	dfr22	0.92	165	13	0	1	165	1	165	7.883e-102	320
dfrA33	dfrA21	0.887	165	19	0	1	165	1	165	2.628e-97	307
dfrB7	dfrB6	0.848	77	12	0	1	77	1	77	2.953e-40	138
dfrB7	dfrB2	0.853	78	11	0	1	78	1	78	3.2179999999999996e-41	140
dfrB7	DfrB9	0.845	78	12	0	1	78	1	78	1.142e-40	139
erm(44)v	Erm(48)	0.72	243	68	0	9	251	1	243	5.13e-112	354
erm(44)v	Erm(43)	0.736	243	64	0	9	251	1	243	2.669e-115	364
erm(44)v	erm(44)	0.808	243	46	0	9	251	1	243	1.14e-129	405
erm(50)	Erm(36)	0.528	260	121	0	1	260	1	257	2.948e-79	260
erm(50)	erm(46)	0.521	261	121	0	1	261	1	254	3.643e-78	257
erm(50)	erm(40)	0.533	252	111	0	7	258	5	242	1.281e-77	256
fexB	lmrB	0.241	408	308	0	14	421	16	422	8.864e-32	128
fexB	fexA	0.57	463	198	0	4	465	12	474	1.188e-160	507
fexB	farB	0.202	408	325	0	19	426	18	425	9.907000000000001e-20	90
fmrO	rmtE2	0.252	183	134	0	1	180	19	201	2.446e-12	64
fmrO	sgm	0.286	183	125	0	3	178	28	210	3.247e-17	79
fmrO	rmtE	0.252	183	134	0	1	180	19	201	2.446e-12	64
fos	FosC2	0.681	107	34	0	1	107	26	132	3.205e-43	148
fos	FosK	0.58	106	44	0	1	106	26	131	5.125e-34	121
fos	FosA7.5	0.604	109	41	0	1	104	26	134	2.585e-37	131
fosA	FosA2	0.968	141	4	0	1	141	1	141	8.976e-92	289
fosA	FosA7	0.834	136	22	0	1	136	1	136	2.92e-73	236
fosA	FosA7.5	0.834	136	22	0	1	136	1	136	2.92e-73	236
fosB	FosB1	0.98	139	3	0	1	139	1	139	8.149999999999999e-92	289
fosB	FosB6	0.976	139	3	0	1	139	1	139	2.1019999999999999e-91	288
fosB	FosB4	0.988	139	2	0	1	139	1	139	8.939e-93	292
fosF	FosA3	0.579	136	55	0	1	131	1	136	6.481e-45	154
fosF	FosK	0.864	131	18	0	1	131	1	131	1.012e-73	237
fosF	FosC2	0.633	131	48	0	1	131	1	131	6.818e-49	166
fosG	FosC2	0.755	128	31	0	1	128	5	132	1.695e-60	199
fosG	FosA2	0.581	132	53	0	1	127	5	136	9.278e-44	151
fosG	FosK	0.578	127	53	0	1	127	5	131	1.9939999999999998e-41	144
fosX	FosB	0.3	137	90	0	1	137	1	129	1.206e-13	65
fosX	FosX	0.589	138	54	0	1	138	1	133	2.0790000000000003e-46	160
fosX	Staphylococcus	0.301	140	92	0	1	140	1	132	3.472e-14	66
grmA	sgm	0.862	274	38	0	1	274	1	274	3.4850000000000003e-159	492
grmA	rmtE2	0.273	264	189	0	10	273	3	263	1.395e-25	104
grmA	rmtE	0.272	264	189	0	10	273	3	263	1.8940000000000001e-25	104
grmB	rmtE2	0.278	263	187	0	10	272	3	262	1.6380000000000002e-26	107
grmB	rmtE	0.277	263	187	0	10	272	3	262	2.224e-26	107
grmB	sgm	0.834	274	45	0	1	274	1	274	9.446e-153	473
grmO	rmtE2	0.232	224	170	0	18	240	3	226	2.188e-13	68
grmO	sgm	0.31	265	179	0	18	278	10	274	1.565e-33	128
grmO	rmtE	0.235	224	170	0	18	240	3	226	6.729e-14	69
hugA	OXY-2-10	0.686	288	90	0	1	288	1	287	1.3259999999999998e-125	396
hugA	FONA-2	0.672	292	94	0	1	288	1	292	4.2310000000000005e-124	392
hugA	OXY-1-1	0.675	288	93	0	1	288	1	288	5.249e-123	389
kgmB	sgm	0.544	268	121	0	13	278	7	274	3.148e-85	278
kgmB	rmtF	0.282	266	184	0	13	278	2	258	1.215e-27	111
kgmB	rmtE	0.25	265	197	0	16	280	3	266	6.707e-21	91
kmr	kamB	0.309	194	133	0	5	198	5	197	7.639e-23	94
kmr	npmA	0.316	206	140	0	1	205	1	206	8.457000000000001e-26	103
lsa(E)	lsaC	0.564	492	214	0	1	492	1	492	1.184e-168	531
lsa(E)	lsa(D)	0.43	492	280	0	1	492	1	492	1.188e-114	374
lsa(E)	lsaB	0.63	492	182	0	1	492	1	492	2.176e-195	608
mcr-1.14	MCR-1.9	0.953	541	25	0	1	541	1	541	0.0	1084
mcr-1.14	MCR-1	0.954	541	25	0	1	541	1	541	0.0	1086
mcr-1.14	MCR-1.3	0.954	541	25	0	1	541	1	541	0.0	1086
mcr-1.26	MCR-1.3	0.955	540	24	0	1	540	2	541	0.0	1086
mcr-1.26	MCR-1.9	0.955	540	24	0	1	540	2	541	0.0	1085
mcr-1.26	MCR-1	0.956	540	24	0	1	540	2	541	0.0	1086
mcr-1.27	MCR-1	0.953	541	25	0	1	541	1	541	0.0	1084
mcr-1.27	MCR-1.9	0.951	541	26	0	1	541	1	541	0.0	1083
mcr-1.27	MCR-1.3	0.952	541	26	0	1	541	1	541	0.0	1084
mcr-10	MCR-9	0.849	539	81	0	1	539	1	539	5.036e-312	948
mcr-10	MCR-3.6	0.689	538	167	0	1	538	1	538	1.495e-240	741
mcr-10	MCR-3.8	0.687	538	168	0	1	538	1	538	9.865e-240	739
mcr-3.13	MCR-3.3	0.969	540	17	0	1	540	1	540	0.0	1104
mcr-3.13	MCR-3.8	0.967	540	18	0	1	540	1	540	0.0	1101
mcr-3.13	mcr-3.41	0.965	540	19	0	1	540	1	540	0.0	1098
mcr-3.14	MCR-3.3	0.963	540	20	0	1	540	1	540	0.0	1096
mcr-3.14	MCR-3.8	0.964	540	19	0	1	540	1	540	0.0	1097
mcr-3.14	mcr-3.41	0.962	540	20	0	1	540	1	540	0.0	1095
mcr-3.15	MCR-3.6	0.952	540	26	0	1	540	1	540	0.0	1081
mcr-3.15	MCR-3.8	0.955	540	24	0	1	540	1	540	0.0	1085
mcr-3.15	MCR-3.3	0.953	540	25	0	1	540	1	540	0.0	1083
mcr-3.16	MCR-3.3	0.967	540	18	0	1	540	1	540	0.0	1101
mcr-3.16	MCR-3.8	0.965	540	19	0	1	540	1	540	0.0	1098
mcr-3.16	mcr-3.41	0.962	540	20	0	1	540	1	540	0.0	1095
mcr-3.17	MCR-3.6	0.928	540	39	0	1	540	1	540	0.0	1050
mcr-3.17	MCR-3.3	0.925	540	40	0	1	540	1	540	0.0	1047
mcr-3.17	MCR-3.8	0.927	540	39	0	1	540	1	540	0.0	1050
mcr-3.18	MCR-3.3	0.963	540	20	0	1	540	1	540	0.0	1096
mcr-3.18	MCR-3.8	0.962	540	20	0	1	540	1	540	0.0	1094
mcr-3.18	mcr-3.41	0.959	540	22	0	1	540	1	540	0.0	1091
mcr-3.19	MCR-3	0.968	541	17	0	1	541	1	541	0.0	1105
mcr-3.19	MCR-3.5	0.966	541	18	0	1	541	1	541	0.0	1101
mcr-3.19	MCR-3.2	0.966	541	18	0	1	541	1	541	0.0	1102
mcr-3.20	MCR-3.4	0.966	541	18	0	1	541	1	541	0.0	1101
mcr-3.20	MCR-3	0.969	541	17	0	1	541	1	541	0.0	1105
mcr-3.20	MCR-3.2	0.967	541	18	0	1	541	1	541	0.0	1103
mcr-3.21	MCR-3	0.967	541	18	0	1	541	1	541	0.0	1103
mcr-3.21	MCR-3.2	0.965	541	19	0	1	541	1	541	0.0	1101
mcr-3.21	MCR-3.4	0.964	541	19	0	1	541	1	541	0.0	1099
mcr-3.22	MCR-3	0.965	541	19	0	1	541	1	541	0.0	1100
mcr-3.22	MCR-3.11	0.965	541	19	0	1	541	1	541	0.0	1101
mcr-3.22	MCR-3.4	0.967	541	18	0	1	541	1	541	0.0	1103
mcr-3.23	MCR-3.2	0.967	541	18	0	1	541	1	541	0.0	1103
mcr-3.23	MCR-3	0.969	541	17	0	1	541	1	541	0.0	1105
mcr-3.23	MCR-3.4	0.966	541	18	0	1	541	1	541	0.0	1101
mcr-3.24	MCR-3.2	0.966	541	18	0	1	541	1	541	0.0	1102
mcr-3.24	MCR-3.4	0.965	541	19	0	1	541	1	541	0.0	1101
mcr-3.24	MCR-3	0.968	541	17	0	1	541	1	541	0.0	1104
mcr-4.6	MCR-4.2	0.968	523	17	0	1	523	19	541	0.0	1067
mcr-4.6	MCR-4	0.969	523	16	0	1	523	19	541	0.0	1069
mcr-4.6	MCR-4.3	0.969	523	16	0	1	523	19	541	0.0	1069
mecA1	mecA	0.809	668	127	0	1	666	1	668	0.0	1110
mecA1	mecB	0.517	670	318	0	7	666	5	674	8.692e-206	647
mecA1	mecC	0.639	666	240	0	1	666	1	665	2.464e-271	837
mecA2	mecA	0.875	668	83	0	1	668	1	668	0.0	1215
mecA2	mecC	0.643	668	237	0	1	668	1	665	1.426e-274	847
mecA2	mecB	0.521	666	315	0	10	667	8	673	1.0509999999999999e-206	650
mecC2	mecB	0.514	673	322	0	1	664	1	673	2.138e-205	646
mecC2	mecC	0.895	665	70	0	1	665	1	665	0.0	1242
mecC2	mecA	0.66	668	226	0	1	665	1	668	9.017999999999999e-284	873
mph(N)	mphL	0.541	285	130	0	4	288	7	290	3.735e-90	294
mph(N)	mphM	0.704	298	88	0	4	301	2	298	1.094e-134	422
mph(N)	mphB	0.86	299	42	0	1	299	1	299	1.123e-173	535
msr(D)	msrH	0.473	484	253	0	2	485	3	484	5.66e-130	419
msr(D)	msrE	0.636	483	175	0	1	483	1	483	3.7340000000000004e-194	604
msr(D)	msrF	0.482	484	249	0	2	485	3	484	2.2589999999999998e-133	428
penA	mecC	0.216	403	296	0	66	444	139	541	2.2139999999999998e-23	103
penA	mecB	0.205	420	308	0	62	450	137	556	2.625e-21	96
penA	mecD	0.201	499	375	0	66	535	144	642	4.289e-25	108
POM-1	THIN-B	0.402	251	142	0	32	270	40	290	2.879e-50	177
POM-1	BJP-1	0.414	229	131	0	33	257	34	262	2.7699999999999996e-47	168
POM-1	L1	0.657	255	87	0	16	270	26	280	2.112e-104	333
qacA4	qacB	0.881	514	61	0	1	514	1	514	7.01e-311	943
qacA4	QepA4	0.34	482	315	0	14	495	16	493	7.422e-77	265
qacA4	qacA	0.892	514	55	0	1	514	1	514	2.947e-315	956
qacJ	Escherichia	0.451	105	57	0	2	106	3	107	1.785e-22	88
qacJ	qacE	0.434	107	59	0	3	107	4	110	1.635e-21	85
qacJ	qacH	0.712	107	31	0	1	107	1	107	5.741e-46	156
qepA	qepA	0.88	511	61	0	1	511	1	511	1.768e-308	936
qepA	QepA4	0.89	511	56	0	1	511	1	511	1.018e-312	948
qepA	QepA2	0.891	511	56	0	1	511	1	511	5.425e-313	949
qepA1	qepA	0.881	511	61	0	1	511	1	511	6.874e-309	937
qepA1	QepA4	0.891	511	56	0	1	511	1	511	3.96e-313	949
qepA1	QepA2	0.892	511	55	0	1	511	1	511	2.109e-313	950
qnrA8	QnrA1	0.996	218	1	0	1	218	1	218	1.201e-149	461
qnrA8	QnrA5	0.997	218	1	0	1	218	1	218	8.763e-150	461
qnrA8	QnrA7	0.999	218	0	0	1	218	1	218	3.402e-150	462
qnrB39	QnrB69	0.978	214	5	0	1	214	1	214	1.057e-143	443
qnrB39	QnrB37	0.973	214	6	0	1	214	1	214	9.611000000000001e-143	441
qnrB39	QnrB55	0.955	214	10	0	1	214	1	214	1.3589999999999999e-139	432
qnrB46	QnrB55	0.952	214	10	0	1	214	1	214	3.5e-139	430
qnrB46	QnrB31	0.955	214	10	0	1	214	13	226	1.3589999999999999e-139	432
qnrB46	QnrB47	0.987	214	3	0	1	214	1	214	2.3999999999999998e-145	448
qnrB75	QnrB31	0.954	214	10	0	1	214	13	226	1.8629999999999997e-139	431
qnrB75	QnrB44	0.97	214	6	0	1	214	1	214	2.476e-142	439
qnrB75	QnrB43	0.97	214	6	0	1	214	1	214	2.476e-142	439
qnrB77	QnrB44	0.982	214	4	0	1	214	1	214	2.183e-144	445
qnrB77	QnrB31	0.966	214	7	0	1	214	13	226	1.643e-141	437
qnrB77	QnrB43	0.982	214	4	0	1	214	1	214	2.183e-144	445
qnrB78	QnrB7	0.983	214	4	0	1	214	1	214	1.592e-144	446
qnrB78	QnrB31	0.973	214	6	0	1	214	13	226	9.611000000000001e-143	441
qnrB78	QnrB13	0.984	214	3	0	1	214	13	226	8.475e-145	447
qnrB80	QnrB16	0.986	214	3	0	1	214	13	226	4.51e-145	447
qnrB80	QnrB7	0.98	214	4	0	1	214	1	214	5.623e-144	444
qnrB80	QnrB31	0.964	214	8	0	1	214	13	226	3.087e-141	436
qnrB81	QnrB19	0.987	214	3	0	1	214	1	214	2.3999999999999998e-145	448
qnrB81	QnrB55	0.959	214	9	0	1	214	1	214	2.807e-140	434
qnrB81	QnrB31	0.955	214	10	0	1	214	13	226	1.3589999999999999e-139	432
qnrB82	QnrB31	0.952	214	10	0	1	214	13	226	3.5e-139	430
qnrB82	QnrB55	0.958	214	9	0	1	214	1	214	3.849e-140	433
qnrB82	QnrB19	0.985	214	3	0	1	214	1	214	6.1819999999999996e-145	447
qnrB89	QnrB69	0.944	214	12	0	1	214	1	214	1.124e-137	426
qnrB89	QnrB55	0.922	214	17	0	1	214	1	214	7.691e-134	415
qnrB89	QnrB31	0.912	214	19	0	1	214	13	226	4.6400000000000004e-132	410
qnrB90	QnrB10	0.985	214	3	0	1	214	13	226	6.1819999999999996e-145	447
qnrB90	QnrB55	0.955	214	10	0	1	214	1	214	1.3589999999999999e-139	432
qnrB90	QnrB31	0.955	214	10	0	1	214	13	226	1.3589999999999999e-139	432
qnrB91	QnrB20	0.982	214	4	0	1	214	13	226	2.183e-144	445
qnrB91	QnrB2	0.984	214	3	0	1	214	1	214	8.475e-145	447
qnrB91	QnrB31	0.973	214	6	0	1	214	13	226	7.011e-143	441
qnrD3	QnrB31	0.708	207	60	0	6	212	18	224	9.252999999999999e-93	297
qnrD3	QnrD1	0.972	214	6	0	1	214	1	214	1.317e-142	440
qnrD3	QnrD2	0.973	214	6	0	1	214	1	214	7.011e-143	441
qnrS13	QnrS5	0.97	218	7	0	1	218	1	218	5.454e-145	447
qnrS13	QnrS11	0.997	218	1	0	1	218	1	218	6.393e-150	462
qnrS13	QnrS9	0.998	218	0	0	1	218	1	218	4.664e-150	462
qnrS3	QnrS5	0.977	181	4	0	1	181	38	218	1.102e-120	375
qnrS3	QnrS11	1.0	181	0	0	1	181	38	218	1.171e-124	387
qnrS3	QnrS9	0.999	181	0	0	1	181	38	218	7.773e-124	384
rmtB2	rmtA	0.823	250	44	0	1	250	1	250	1.191e-136	425
rmtB2	rmtH	0.682	250	79	0	1	250	1	250	1.225e-107	342
rmtB2	rmtB	0.951	251	12	0	1	251	1	251	9.285e-164	503
str	aad(6)	0.556	255	112	0	27	281	1	253	3.81e-83	273
str	ANT(6)-Ib	0.57	276	117	0	1	276	3	276	6.267999999999999e-94	304
str	aadK	0.595	272	110	0	1	272	1	272	5.0070000000000004e-98	316
tet	otr(A)	0.435	624	345	0	1	612	1	624	2.454e-149	482
tet	tetM	0.319	611	409	0	1	611	1	602	1.6139999999999998e-88	304
tet	tetO	0.317	611	410	0	1	611	1	602	1.874e-87	301
tet(O/32/O)	tet32	0.771	638	146	0	1	638	1	638	0.0	1002
tet(O/32/O)	tetM	0.77	638	147	0	1	638	1	638	0.0	1001
tet(O/32/O)	tetO	0.907	639	59	0	1	639	1	639	0.0	1212
tet(O/W)	tetW	0.906	629	59	0	1	629	1	629	0.0	1190
tet(O/W)	tet(W/N/W)	0.888	629	70	0	1	629	1	629	0.0	1164
tet(O/W)	tetO	0.713	629	180	0	1	629	1	629	3.801e-294	901
tet(O/W)-1	tetO	0.717	638	180	0	1	638	1	638	1.643e-300	920
tet(O/W)-1	tet(W/N/W)	0.888	638	71	0	1	638	1	638	0.0	1180
tet(O/W)-1	tetW	0.91	639	57	0	1	639	1	639	0.0	1215
tet(O/W)-2	tet(W/N/W)	0.888	638	71	0	1	638	1	638	0.0	1180
tet(O/W)-2	tetO	0.717	638	180	0	1	638	1	638	1.643e-300	920
tet(O/W)-2	tetW	0.91	639	57	0	1	639	1	639	0.0	1215
tet(O/W/32/O)	tetW	0.812	638	120	0	1	638	1	638	0.0	1064
tet(O/W/32/O)	tet(W/N/W)	0.811	638	120	0	1	638	1	638	0.0	1064
tet(O/W/32/O)	tetO	0.779	639	141	0	1	639	1	639	0.0	1017
tet(O/W/32/O/W/O)	tet(W/N/W)	0.821	638	114	0	1	638	1	638	0.0	1078
tet(O/W/32/O/W/O)	tetO	0.771	639	146	0	1	639	1	639	0.0	1004
tet(O/W/32/O/W/O)	tetW	0.821	638	114	0	1	638	1	638	0.0	1079
tet(O/W/O)-1	tetO	0.769	639	147	0	1	639	1	639	0.0	1001
tet(O/W/O)-1	tet(W/N/W)	0.848	638	97	0	1	638	1	638	0.0	1120
tet(O/W/O)-1	tetW	0.866	638	85	0	1	638	1	638	0.0	1148
tet(O/W/O)-2	tetW	0.885	638	73	0	1	638	1	638	0.0	1176
tet(O/W/O)-2	tetO	0.751	639	159	0	1	639	1	639	8.162e-319	973
tet(O/W/O)-2	tet(W/N/W)	0.868	638	84	0	1	638	1	638	0.0	1149
tet(O/W/O)-3	tetW	0.882	638	75	0	1	638	1	638	0.0	1171
tet(O/W/O)-3	tet(W/N/W)	0.864	638	87	0	1	638	1	638	0.0	1144
tet(O/W/O)-3	tetO	0.744	639	163	0	1	639	1	639	2.124e-315	963
tet(S/M)	tetO	0.742	638	164	0	6	643	1	638	8.434e-314	959
tet(S/M)	tetM	0.797	639	130	0	6	644	1	639	0.0	1043
tet(S/M)	tetS	0.944	638	36	0	6	643	1	638	0.0	1266
tet(W/32/O)	tetW	0.83	638	108	0	1	638	1	638	0.0	1093
tet(W/32/O)	tetO	0.766	639	149	0	1	639	1	639	0.0	997
tet(W/32/O)	tet(W/N/W)	0.83	638	108	0	1	638	1	638	0.0	1092
VanA	vanF	0.786	343	73	0	1	343	1	343	7.025e-179	552
VanA	vanM	0.816	342	63	0	1	342	1	342	5.973999999999999e-187	576
VanA	vanA	0.908	343	31	0	1	343	1	343	2.344e-213	652
VanC2	vanE	0.552	347	153	0	1	347	1	342	4.068e-114	366
VanC2	vanC	0.687	348	106	0	1	348	1	341	2.6e-153	479
VanC2	vanG	0.454	346	188	0	2	347	4	349	4.716e-86	284
VanC2XY	vanE	0.557	347	151	0	1	347	1	342	9.382000000000001e-116	370
VanC2XY	vanC	0.685	348	107	0	1	348	1	341	1.254e-152	477
VanC2XY	vanG	0.457	346	187	0	2	347	4	349	5.2660000000000005e-87	287
VanC3XY	vanE	0.553	347	152	0	1	347	1	342	1.158e-114	367
VanC3XY	vanL	0.554	348	153	0	1	348	4	346	4.513e-115	368
VanC3XY	vanC	0.687	348	106	0	1	348	1	341	3.562e-153	479
VanC4XY	vanE	0.555	347	152	0	1	347	1	342	4.513e-115	368
VanC4XY	vanG	0.452	346	189	0	2	347	4	349	1.6500000000000001e-85	283
VanC4XY	vanC	0.685	348	107	0	1	348	1	341	9.156e-153	477
VanE	vanE	0.93	179	12	0	1	179	131	309	2.289e-112	351
VanE	vanN	0.629	179	66	0	1	179	131	309	5.596e-68	223
VanE	vanL	0.597	179	72	0	1	179	134	312	2.532e-63	210
VanG2XY	vanN	0.47	343	179	0	4	346	2	339	9.63e-90	295
VanG2XY	vanL	0.481	346	176	0	4	349	5	345	7.945999999999999e-94	307
VanG2XY	vanG	0.864	349	47	0	1	349	1	349	1.2909999999999999e-204	627
vga(A)V	vgaA	0.77	523	120	0	1	523	1	521	1.418e-268	822
vga(A)V	vgaALC	0.77	523	120	0	1	523	1	521	2.661e-268	821
vga(A)V	vgaC	0.671	520	170	0	3	522	2	520	1.8919999999999998e-224	694
